{"stats":{"minecraft:killed_by":{"minecraft:skeleton":2},"minecraft:picked_up":{"minecraft:crafting_table":6,"minecraft:charcoal":2,"minecraft:iron_chestplate":1,"minecraft:coarse_dirt":1,"minecraft:chicken":7,"minecraft:clay_ball":2900,"minecraft:flower_pot":3,"minecraft:stone_slab":2,"minecraft:brick":30,"minecraft:string":10,"minecraft:iron_shovel":1,"minecraft:cobbled_deepslate":38,"comforts:sleeping_bag_white":2,"minecraft:beef":38,"minecraft:white_tulip":1,"hangglider:hang_glider":1,"minecraft:chest":2,"minecraft:egg":1,"minecraft:furnace":9,"minecraft:raw_iron":48,"minecraft:jungle_door":1,"minecraft:oak_door":3,"minecraft:green_bed":2,"minecraft:torch":23,"minecraft:acacia_log":27,"minecraft:porkchop":37,"the_bumblezone:bee_stinger":1,"minecraft:arrow":6,"minecraft:cactus":4,"minecraft:rotten_flesh":4,"minecraft:peony":22,"minecraft:white_terracotta":13,"minecraft:mutton":35,"minecraft:white_wool":22,"minecraft:cobblestone":618,"minecraft:oxeye_daisy":1,"minecraft:feather":3,"minecraft:lilac":20,"minecraft:leather":17,"minecraft:smoker":2,"minecraft:potato":6,"minecraft:packed_mud":1,"minecraft:flint":3,"minecraft:oak_log":163,"minecraft:gunpowder":1,"minecraft:acacia_boat":1,"minecraft:dirt":118,"minecraft:cooked_mutton":7,"minecraft:bone":2,"minecraft:apple":1,"minecraft:orange_tulip":2,"minecraft:wheat_seeds":16,"minecraft:iron_ingot":14,"minecraft:moss_block":4,"minecraft:gray_bed":12,"minecraft:acacia_sapling":4,"minecraft:iron_sword":2,"minecraft:book":54,"minecraft:gravel":14,"minecraft:sand":210,"minecraft:mossy_cobblestone":1,"minecraft:barrel":11,"minecraft:orange_wool":1,"minecraft:granite":1,"minecraft:rooted_dirt":2,"minecraft:oak_sapling":7,"minecraft:coal":369,"minecraft:sunflower":7},"minecraft:custom":{"minecraft:mob_kills":87,"minecraft:interact_with_crafting_table":65,"minecraft:open_barrel":30,"minecraft:leave_game":4,"minecraft:time_since_death":367690,"minecraft:climb_one_cm":16412,"minecraft:sprint_one_cm":836672,"minecraft:walk_one_cm":882550,"minecraft:drop":59,"minecraft:play_time":417278,"minecraft:deaths":2,"minecraft:sneak_time":9748,"minecraft:walk_under_water_one_cm":108313,"minecraft:boat_one_cm":291182,"minecraft:jump":5483,"minecraft:interact_with_blast_furnace":3,"minecraft:walk_on_water_one_cm":123681,"minecraft:total_world_time":417278,"minecraft:interact_with_furnace":336,"minecraft:interact_with_loom":1,"minecraft:sleep_in_bed":24,"minecraft:time_since_rest":13043,"minecraft:damage_taken":6454,"minecraft:damage_dealt":11049,"minecraft:swim_one_cm":217710,"minecraft:fly_one_cm":791567,"minecraft:open_chest":169,"minecraft:crouch_one_cm":2552,"minecraft:interact_with_smoker":9,"minecraft:fall_one_cm":120696},"minecraft:dropped":{"minecraft:acacia_boat":1,"minecraft:iron_sword":2,"minecraft:orange_tulip":2,"minecraft:book":27,"minecraft:leather":4,"minecraft:stick":2,"minecraft:dirt":14,"gravestone:obituary":1,"minecraft:cactus":1,"minecraft:iron_shovel":1,"minecraft:string":2,"minecraft:white_tulip":1,"minecraft:green_bed":1,"minecraft:clay_ball":4,"minecraft:oak_planks":2,"minecraft:white_terracotta":13,"minecraft:oak_sapling":3,"minecraft:chest":1,"minecraft:barrel":12,"minecraft:arrow":8},"minecraft:crafted":{"minecraft:brick":2047,"minecraft:oak_door":3,"minecraft:wooden_sword":1,"minecraft:oak_planks":140,"minecraft:cooked_chicken":1,"minecraft:furnace":9,"minecraft:cooked_mutton":3,"minecraft:iron_boots":1,"minecraft:stone_pickaxe":6,"minecraft:chest":6,"minecraft:bricks":518,"minecraft:cooked_beef":52,"minecraft:cooked_porkchop":31,"minecraft:crafting_table":6,"minecraft:iron_helmet":1,"minecraft:wooden_pickaxe":2,"minecraft:iron_sword":3,"minecraft:oak_wood":9,"minecraft:campfire":1,"minecraft:stone_axe":2,"minecraft:acacia_boat":2,"minecraft:air":0,"minecraft:stick":72,"minecraft:iron_ingot":35,"minecraft:iron_pickaxe":2,"minecraft:wooden_axe":2,"minecraft:stone_sword":3,"minecraft:iron_shovel":5,"minecraft:sandstone":1,"minecraft:acacia_planks":76,"minecraft:torch":16},"minecraft:killed":{"minecraft:spider":5,"minecraft:skeleton":2,"minecraft:bee":1,"minecraft:chicken":7,"minecraft:drowned":1,"minecraft:pig":21,"minecraft:sheep":21,"minecraft:pillager":1,"minecraft:zombie":9,"minecraft:cow":18},"minecraft:mined":{"minecraft:mossy_cobblestone":1,"minecraft:oak_door":2,"minecraft:potted_cactus":3,"minecraft:orange_wool":1,"minecraft:acacia_log":27,"minecraft:grass_block":16,"minecraft:oxeye_daisy":1,"minecraft:rooted_dirt":1,"minecraft:tall_seagrass":1,"minecraft:furnace":9,"minecraft:packed_mud":1,"minecraft:iron_ore":48,"minecraft:cobbled_deepslate":1,"minecraft:peony":22,"minecraft:bookshelf":7,"minecraft:red_tulip":1,"minecraft:stone":611,"minecraft:white_wool":1,"minecraft:green_bed":2,"minecraft:tripwire":3,"minecraft:acacia_leaves":7,"minecraft:jungle_door":1,"minecraft:smoker":2,"minecraft:clay":751,"minecraft:crafting_table":6,"minecraft:torch":5,"minecraft:chest":1,"minecraft:campfire":1,"minecraft:stone_slab":2,"minecraft:tall_grass":45,"minecraft:cobblestone":4,"minecraft:wall_torch":17,"minecraft:seagrass":2,"minecraft:white_terracotta":14,"minecraft:lilac":20,"minecraft:gray_bed":12,"minecraft:grass":89,"minecraft:oak_log":165,"minecraft:coal_ore":368,"minecraft:sunflower":7,"minecraft:gravel":8,"minecraft:sand":212,"minecraft:dirt":33,"minecraft:oak_leaves":15,"minecraft:deepslate":36,"minecraft:fern":2},"minecraft:used":{"minecraft:stone_sword":111,"minecraft:iron_shovel":961,"minecraft:chest":7,"minecraft:iron_sword":336,"minecraft:cooked_chicken":1,"minecraft:oak_door":6,"minecraft:torch":26,"minecraft:dirt":78,"minecraft:wooden_axe":61,"minecraft:barrel":5,"minecraft:furnace":18,"minecraft:gray_bed":11,"comforts:sleeping_bag_white":1,"minecraft:cooked_beef":40,"minecraft:cobbled_deepslate":1,"minecraft:cooked_mutton":8,"minecraft:acacia_boat":2,"minecraft:oak_planks":3,"minecraft:baked_potato":14,"minecraft:stone_pickaxe":527,"minecraft:wooden_pickaxe":93,"minecraft:sandstone":1,"minecraft:green_bed":1,"minecraft:crafting_table":10,"simplyswords:diamond_claymore":5,"minecraft:crossbow":1,"minecraft:campfire":1,"minecraft:smoker":2,"minecraft:bread":7,"minecraft:string":3,"minecraft:iron_pickaxe":495,"minecraft:stone_axe":134,"minecraft:wooden_sword":9,"minecraft:cobblestone":112,"minecraft:cooked_porkchop":22},"minecraft:broken":{"minecraft:iron_shovel":3,"minecraft:wooden_pickaxe":1,"minecraft:stone_pickaxe":2,"minecraft:stone_axe":1,"minecraft:iron_pickaxe":1,"minecraft:wooden_axe":1}},"DataVersion":3465}