{"stats":{"minecraft:killed_by":{"minecraft:skeleton":2},"minecraft:picked_up":{"minecraft:charcoal":2,"minecraft:crafting_table":3,"minecraft:coarse_dirt":1,"minecraft:feather":2,"minecraft:chicken":1,"minecraft:flower_pot":3,"minecraft:leather":7,"minecraft:packed_mud":1,"minecraft:flint":2,"minecraft:oak_log":1,"minecraft:gunpowder":1,"minecraft:acacia_boat":1,"minecraft:dirt":33,"minecraft:string":7,"minecraft:cooked_mutton":7,"minecraft:bone":1,"minecraft:wheat_seeds":5,"minecraft:cobbled_deepslate":38,"comforts:sleeping_bag_white":2,"minecraft:beef":10,"minecraft:gray_bed":4,"minecraft:moss_block":4,"minecraft:chest":1,"minecraft:acacia_sapling":4,"minecraft:raw_iron":6,"minecraft:jungle_door":1,"minecraft:torch":3,"minecraft:green_bed":2,"minecraft:acacia_log":27,"minecraft:gravel":11,"minecraft:porkchop":2,"minecraft:orange_wool":1,"minecraft:arrow":3,"minecraft:cactus":4,"minecraft:granite":1,"minecraft:rooted_dirt":2,"minecraft:coal":79,"minecraft:mutton":5,"minecraft:white_wool":4,"minecraft:cobblestone":115},"minecraft:custom":{"minecraft:interact_with_furnace":10,"minecraft:mob_kills":11,"minecraft:interact_with_crafting_table":18,"minecraft:open_barrel":2,"minecraft:interact_with_loom":1,"minecraft:leave_game":3,"minecraft:time_since_death":85190,"minecraft:sleep_in_bed":9,"minecraft:climb_one_cm":10793,"minecraft:time_since_rest":2473,"minecraft:sprint_one_cm":293813,"minecraft:damage_taken":2400,"minecraft:walk_one_cm":373286,"minecraft:drop":8,"minecraft:damage_dealt":1351,"minecraft:swim_one_cm":5627,"minecraft:fly_one_cm":202366,"minecraft:open_chest":37,"minecraft:crouch_one_cm":466,"minecraft:play_time":134778,"minecraft:deaths":2,"minecraft:sneak_time":208,"minecraft:walk_under_water_one_cm":4686,"minecraft:boat_one_cm":291182,"minecraft:jump":2118,"minecraft:interact_with_smoker":1,"minecraft:walk_on_water_one_cm":11124,"minecraft:total_world_time":134778,"minecraft:fall_one_cm":54942},"minecraft:dropped":{"minecraft:acacia_boat":1,"minecraft:green_bed":1,"minecraft:dirt":3,"minecraft:chest":1,"gravestone:obituary":1,"minecraft:cactus":1},"minecraft:crafted":{"minecraft:cooked_beef":33,"minecraft:wooden_sword":1,"minecraft:oak_planks":4,"minecraft:cooked_porkchop":2,"minecraft:crafting_table":4,"minecraft:wooden_pickaxe":2,"minecraft:cooked_chicken":1,"minecraft:iron_sword":1,"minecraft:stone_axe":1,"minecraft:acacia_boat":2,"minecraft:cooked_mutton":3,"minecraft:air":0,"minecraft:stick":44,"minecraft:iron_ingot":5,"minecraft:iron_pickaxe":1,"minecraft:stone_pickaxe":4,"minecraft:wooden_axe":2,"minecraft:stone_sword":3,"minecraft:acacia_planks":76,"minecraft:torch":16},"minecraft:killed":{"minecraft:pig":1,"minecraft:spider":1,"minecraft:sheep":3,"minecraft:chicken":1,"minecraft:cow":4},"minecraft:mined":{"minecraft:acacia_leaves":4,"minecraft:jungle_door":1,"minecraft:orange_wool":1,"minecraft:potted_cactus":3,"minecraft:crafting_table":3,"minecraft:torch":1,"minecraft:acacia_log":27,"minecraft:grass_block":5,"minecraft:campfire":1,"minecraft:tall_grass":14,"minecraft:cobblestone":2,"minecraft:rooted_dirt":1,"minecraft:wall_torch":2,"minecraft:packed_mud":1,"minecraft:iron_ore":6,"minecraft:cobbled_deepslate":1,"minecraft:gray_bed":4,"minecraft:grass":26,"minecraft:coal_ore":80,"minecraft:gravel":4,"minecraft:dirt":19,"minecraft:white_wool":1,"minecraft:stone":113,"minecraft:oak_leaves":1,"minecraft:deepslate":36,"minecraft:green_bed":2,"minecraft:tripwire":3,"minecraft:fern":2},"minecraft:used":{"minecraft:cooked_mutton":5,"minecraft:acacia_boat":2,"minecraft:stone_sword":49,"minecraft:stone_pickaxe":147,"minecraft:baked_potato":2,"minecraft:wooden_pickaxe":93,"minecraft:green_bed":1,"minecraft:torch":3,"minecraft:dirt":27,"minecraft:crafting_table":6,"minecraft:wooden_axe":13,"minecraft:string":3,"minecraft:bread":7,"minecraft:stone_axe":1,"minecraft:wooden_sword":9,"minecraft:cobblestone":55,"minecraft:gray_bed":2,"comforts:sleeping_bag_white":1,"minecraft:cooked_beef":17,"minecraft:cobbled_deepslate":1},"minecraft:broken":{"minecraft:wooden_pickaxe":1}},"DataVersion":3465}