{"stats":{"minecraft:killed_by":{"minecraft:skeleton":2},"minecraft:picked_up":{"minecraft:crafting_table":3,"minecraft:charcoal":2,"minecraft:iron_chestplate":1,"minecraft:coarse_dirt":1,"minecraft:chicken":6,"minecraft:clay_ball":2372,"minecraft:flower_pot":3,"minecraft:stone_slab":2,"minecraft:string":9,"minecraft:iron_shovel":1,"minecraft:cobbled_deepslate":38,"comforts:sleeping_bag_white":2,"minecraft:beef":37,"minecraft:white_tulip":1,"hangglider:hang_glider":1,"minecraft:chest":1,"minecraft:raw_iron":10,"minecraft:jungle_door":1,"minecraft:oak_door":3,"minecraft:green_bed":2,"minecraft:torch":15,"minecraft:acacia_log":27,"minecraft:porkchop":31,"the_bumblezone:bee_stinger":1,"minecraft:arrow":5,"minecraft:cactus":4,"minecraft:peony":22,"minecraft:white_terracotta":13,"minecraft:mutton":21,"minecraft:white_wool":14,"minecraft:cobblestone":501,"minecraft:oxeye_daisy":1,"minecraft:feather":2,"minecraft:lilac":20,"minecraft:leather":17,"minecraft:smoker":1,"minecraft:potato":5,"minecraft:packed_mud":1,"minecraft:flint":2,"minecraft:oak_log":163,"minecraft:gunpowder":1,"minecraft:acacia_boat":1,"minecraft:dirt":47,"minecraft:cooked_mutton":7,"minecraft:bone":1,"minecraft:apple":1,"minecraft:orange_tulip":2,"minecraft:wheat_seeds":16,"minecraft:moss_block":4,"minecraft:gray_bed":10,"minecraft:acacia_sapling":4,"minecraft:iron_sword":2,"minecraft:book":54,"minecraft:gravel":11,"minecraft:sand":5,"minecraft:barrel":11,"minecraft:orange_wool":1,"minecraft:granite":1,"minecraft:rooted_dirt":2,"minecraft:oak_sapling":7,"minecraft:coal":124,"minecraft:sunflower":1},"minecraft:custom":{"minecraft:mob_kills":60,"minecraft:interact_with_crafting_table":32,"minecraft:open_barrel":21,"minecraft:leave_game":4,"minecraft:time_since_death":253690,"minecraft:climb_one_cm":11752,"minecraft:sprint_one_cm":618135,"minecraft:walk_one_cm":628775,"minecraft:drop":59,"minecraft:play_time":303278,"minecraft:deaths":2,"minecraft:sneak_time":6414,"minecraft:walk_under_water_one_cm":97246,"minecraft:boat_one_cm":291182,"minecraft:jump":4034,"minecraft:interact_with_blast_furnace":3,"minecraft:walk_on_water_one_cm":99597,"minecraft:total_world_time":303278,"minecraft:interact_with_furnace":28,"minecraft:interact_with_loom":1,"minecraft:sleep_in_bed":21,"minecraft:time_since_rest":0,"minecraft:damage_taken":4842,"minecraft:damage_dealt":7341,"minecraft:swim_one_cm":170491,"minecraft:fly_one_cm":571370,"minecraft:open_chest":95,"minecraft:crouch_one_cm":507,"minecraft:interact_with_smoker":7,"minecraft:fall_one_cm":95525},"minecraft:dropped":{"minecraft:acacia_boat":1,"minecraft:iron_sword":2,"minecraft:orange_tulip":2,"minecraft:book":27,"minecraft:leather":4,"minecraft:stick":2,"minecraft:dirt":14,"gravestone:obituary":1,"minecraft:cactus":1,"minecraft:iron_shovel":1,"minecraft:string":2,"minecraft:white_tulip":1,"minecraft:green_bed":1,"minecraft:clay_ball":4,"minecraft:oak_planks":2,"minecraft:white_terracotta":13,"minecraft:oak_sapling":3,"minecraft:chest":1,"minecraft:barrel":12,"minecraft:arrow":8},"minecraft:crafted":{"minecraft:oak_door":3,"minecraft:wooden_sword":1,"minecraft:oak_planks":36,"minecraft:cooked_chicken":1,"minecraft:furnace":8,"minecraft:cooked_mutton":3,"minecraft:stone_pickaxe":6,"minecraft:chest":1,"minecraft:cooked_beef":52,"minecraft:cooked_porkchop":31,"minecraft:crafting_table":5,"minecraft:wooden_pickaxe":2,"minecraft:iron_sword":1,"minecraft:stone_axe":2,"minecraft:acacia_boat":2,"minecraft:air":0,"minecraft:stick":60,"minecraft:iron_ingot":11,"minecraft:iron_pickaxe":2,"minecraft:wooden_axe":2,"minecraft:stone_sword":3,"minecraft:iron_shovel":3,"minecraft:sandstone":1,"minecraft:acacia_planks":76,"minecraft:torch":16},"minecraft:killed":{"minecraft:spider":2,"minecraft:bee":1,"minecraft:chicken":6,"minecraft:drowned":1,"minecraft:pig":17,"minecraft:sheep":13,"minecraft:zombie":2,"minecraft:cow":17},"minecraft:mined":{"minecraft:oak_door":2,"minecraft:potted_cactus":3,"minecraft:orange_wool":1,"minecraft:acacia_log":27,"minecraft:grass_block":12,"minecraft:oxeye_daisy":1,"minecraft:rooted_dirt":1,"minecraft:packed_mud":1,"minecraft:iron_ore":10,"minecraft:cobbled_deepslate":1,"minecraft:peony":22,"minecraft:bookshelf":7,"minecraft:red_tulip":1,"minecraft:stone":500,"minecraft:white_wool":1,"minecraft:green_bed":2,"minecraft:tripwire":3,"minecraft:acacia_leaves":7,"minecraft:jungle_door":1,"minecraft:smoker":1,"minecraft:clay":608,"minecraft:crafting_table":3,"minecraft:torch":3,"minecraft:campfire":1,"minecraft:stone_slab":2,"minecraft:tall_grass":45,"minecraft:cobblestone":2,"minecraft:wall_torch":11,"minecraft:seagrass":2,"minecraft:white_terracotta":14,"minecraft:lilac":20,"minecraft:gray_bed":10,"minecraft:grass":75,"minecraft:oak_log":165,"minecraft:coal_ore":125,"minecraft:sunflower":1,"minecraft:gravel":4,"minecraft:sand":6,"minecraft:dirt":28,"minecraft:oak_leaves":15,"minecraft:deepslate":36,"minecraft:fern":2},"minecraft:used":{"minecraft:stone_sword":62,"minecraft:iron_shovel":615,"minecraft:chest":1,"minecraft:iron_sword":234,"minecraft:cooked_chicken":1,"minecraft:oak_door":4,"minecraft:torch":18,"minecraft:dirt":27,"minecraft:wooden_axe":61,"minecraft:furnace":8,"minecraft:gray_bed":9,"comforts:sleeping_bag_white":1,"minecraft:cooked_beef":40,"minecraft:cobbled_deepslate":1,"minecraft:cooked_mutton":5,"minecraft:acacia_boat":2,"minecraft:baked_potato":14,"minecraft:stone_pickaxe":527,"minecraft:wooden_pickaxe":93,"minecraft:sandstone":1,"minecraft:green_bed":1,"minecraft:crafting_table":7,"simplyswords:diamond_claymore":5,"minecraft:smoker":1,"minecraft:bread":7,"minecraft:string":3,"minecraft:iron_pickaxe":88,"minecraft:stone_axe":134,"minecraft:wooden_sword":9,"minecraft:cobblestone":86,"minecraft:cooked_porkchop":2},"minecraft:broken":{"minecraft:iron_shovel":2,"minecraft:wooden_pickaxe":1,"minecraft:stone_pickaxe":2,"minecraft:stone_axe":1,"minecraft:wooden_axe":1}},"DataVersion":3465}