{"stats":{"minecraft:killed_by":{"minecraft:skeleton":2},"minecraft:picked_up":{"minecraft:allium":2,"minecraft:charcoal":2,"minecraft:coarse_dirt":1,"minecraft:seagrass":3,"minecraft:iron_chestplate":1,"minecraft:crafting_table":7,"minecraft:chicken":7,"minecraft:flower_pot":9,"minecraft:clay_ball":2920,"minecraft:stone_slab":2,"minecraft:brick":32,"minecraft:string":10,"minecraft:iron_shovel":1,"minecraft:cyan_carpet":42,"minecraft:blue_orchid":2,"minecraft:candle":24,"minecraft:cobbled_deepslate":38,"comforts:sleeping_bag_white":2,"minecraft:beef":45,"minecraft:white_tulip":1,"minecraft:spruce_slab":2,"hangglider:hang_glider":1,"minecraft:chest":2,"minecraft:furnace":9,"minecraft:egg":1,"minecraft:stick":4,"minecraft:raw_iron":48,"minecraft:jungle_door":1,"minecraft:oak_door":3,"minecraft:torch":29,"minecraft:acacia_log":27,"minecraft:green_bed":2,"minecraft:porkchop":37,"the_bumblezone:bee_stinger":1,"minecraft:arrow":7,"minecraft:cactus":4,"minecraft:rotten_flesh":4,"minecraft:peony":22,"minecraft:white_terracotta":13,"minecraft:mutton":35,"minecraft:white_wool":22,"minecraft:cobblestone":618,"minecraft:oxeye_daisy":1,"minecraft:feather":3,"minecraft:lilac":20,"minecraft:leather":19,"minecraft:smoker":2,"minecraft:potato":8,"minecraft:packed_mud":1,"minecraft:flint":3,"minecraft:oak_log":254,"minecraft:gunpowder":1,"minecraft:acacia_boat":1,"minecraft:dirt":143,"minecraft:lantern":2,"minecraft:brown_candle":31,"minecraft:cooked_mutton":7,"minecraft:bone":3,"minecraft:apple":1,"minecraft:wheat_seeds":17,"minecraft:orange_tulip":2,"minecraft:iron_ingot":14,"minecraft:acacia_sapling":4,"minecraft:moss_block":4,"minecraft:gray_bed":13,"minecraft:iron_sword":2,"minecraft:oak_planks":2,"minecraft:book":177,"minecraft:scaffolding":2,"minecraft:black_candle":8,"minecraft:cooked_porkchop":4,"minecraft:gravel":14,"minecraft:sand":217,"minecraft:mossy_cobblestone":1,"minecraft:barrel":12,"minecraft:orange_wool":1,"minecraft:granite":1,"minecraft:rooted_dirt":2,"minecraft:oak_sapling":19,"minecraft:coal":378,"minecraft:sunflower":7},"minecraft:custom":{"minecraft:mob_kills":95,"minecraft:interact_with_crafting_table":75,"minecraft:open_barrel":36,"minecraft:leave_game":4,"minecraft:time_since_death":432231,"minecraft:climb_one_cm":16412,"minecraft:sprint_one_cm":1018828,"minecraft:walk_one_cm":1100023,"minecraft:drop":68,"minecraft:play_time":481819,"minecraft:deaths":2,"minecraft:sneak_time":10335,"minecraft:walk_under_water_one_cm":109690,"minecraft:boat_one_cm":291182,"minecraft:jump":6184,"minecraft:interact_with_blast_furnace":4,"minecraft:walk_on_water_one_cm":131667,"minecraft:total_world_time":481819,"minecraft:interact_with_furnace":410,"minecraft:interact_with_cartography_table":2,"minecraft:interact_with_loom":2,"minecraft:sleep_in_bed":30,"minecraft:time_since_rest":3871,"minecraft:damage_taken":7043,"minecraft:damage_dealt":12612,"minecraft:swim_one_cm":234769,"minecraft:fly_one_cm":921760,"minecraft:open_chest":208,"minecraft:crouch_one_cm":3631,"minecraft:interact_with_smoker":12,"minecraft:fall_one_cm":136890},"minecraft:dropped":{"minecraft:acacia_boat":1,"minecraft:iron_sword":2,"minecraft:crafting_table":1,"minecraft:cooked_porkchop":4,"minecraft:orange_tulip":2,"minecraft:book":27,"minecraft:leather":4,"minecraft:stick":2,"minecraft:dirt":14,"minecraft:seagrass":3,"gravestone:obituary":1,"minecraft:cactus":1,"minecraft:iron_shovel":1,"minecraft:string":2,"minecraft:white_tulip":1,"minecraft:green_bed":1,"minecraft:clay_ball":4,"minecraft:oak_planks":2,"minecraft:white_terracotta":13,"minecraft:potato":2,"minecraft:oak_sapling":3,"minecraft:chest":1,"minecraft:barrel":12,"minecraft:arrow":8},"minecraft:crafted":{"minecraft:brick":2848,"minecraft:oak_door":3,"minecraft:wooden_sword":1,"minecraft:oak_planks":200,"minecraft:cooked_chicken":1,"minecraft:furnace":9,"minecraft:cooked_mutton":3,"minecraft:iron_boots":1,"minecraft:iron_axe":2,"minecraft:stone_pickaxe":6,"minecraft:chest":6,"minecraft:bricks":720,"minecraft:cooked_beef":52,"minecraft:cooked_porkchop":31,"minecraft:crafting_table":6,"minecraft:wooden_pickaxe":2,"minecraft:iron_helmet":1,"minecraft:iron_sword":3,"minecraft:oak_wood":9,"minecraft:campfire":1,"minecraft:stone_axe":2,"minecraft:acacia_boat":2,"minecraft:air":0,"minecraft:stick":72,"minecraft:iron_ingot":35,"minecraft:iron_pickaxe":3,"minecraft:wooden_axe":2,"minecraft:stone_sword":3,"minecraft:iron_shovel":5,"minecraft:sandstone":1,"minecraft:acacia_planks":76,"minecraft:torch":16},"minecraft:killed":{"minecraft:spider":5,"minecraft:skeleton":3,"minecraft:bee":1,"minecraft:chicken":7,"minecraft:drowned":1,"minecraft:turtle":3,"minecraft:pig":21,"minecraft:sheep":21,"minecraft:pillager":2,"minecraft:zombie":9,"minecraft:cow":21},"minecraft:mined":{"minecraft:mossy_cobblestone":1,"minecraft:candle":6,"minecraft:oak_door":2,"minecraft:potted_blue_orchid":2,"minecraft:orange_wool":1,"minecraft:potted_cactus":3,"minecraft:acacia_log":27,"minecraft:spruce_fence":1,"minecraft:grass_block":17,"minecraft:oxeye_daisy":1,"minecraft:rooted_dirt":1,"minecraft:tall_seagrass":1,"minecraft:furnace":9,"minecraft:packed_mud":1,"minecraft:iron_ore":48,"minecraft:cobbled_deepslate":1,"minecraft:peony":22,"minecraft:bookshelf":48,"minecraft:red_tulip":1,"minecraft:lantern":2,"minecraft:black_candle":2,"minecraft:stone":611,"minecraft:white_wool":1,"minecraft:spruce_slab":1,"minecraft:green_bed":2,"minecraft:tripwire":3,"minecraft:potted_allium":2,"minecraft:acacia_leaves":7,"minecraft:scaffolding":2,"minecraft:jungle_door":1,"minecraft:smoker":2,"minecraft:clay":751,"minecraft:crafting_table":7,"minecraft:torch":6,"minecraft:chest":1,"minecraft:campfire":1,"minecraft:stone_slab":2,"minecraft:tall_grass":48,"minecraft:cobblestone":4,"minecraft:deepslate_coal_ore":5,"minecraft:oak_planks":2,"minecraft:wall_torch":22,"minecraft:seagrass":2,"minecraft:white_terracotta":14,"minecraft:chain":2,"minecraft:lilac":20,"minecraft:gray_bed":13,"minecraft:bee_nest":1,"minecraft:grass":91,"minecraft:oak_log":257,"minecraft:coal_ore":368,"minecraft:flower_pot":2,"minecraft:cyan_carpet":42,"minecraft:sunflower":7,"minecraft:gravel":8,"minecraft:sand":219,"minecraft:dirt":44,"minecraft:brown_candle":8,"minecraft:oak_leaves":26,"minecraft:deepslate":36,"minecraft:fern":3},"minecraft:used":{"minecraft:stone_sword":111,"minecraft:iron_shovel":971,"minecraft:chest":7,"minecraft:iron_sword":387,"minecraft:cooked_chicken":1,"minecraft:oak_door":6,"minecraft:torch":33,"minecraft:dirt":134,"minecraft:oak_wood":6,"minecraft:wooden_axe":61,"minecraft:iron_axe":192,"minecraft:barrel":5,"minecraft:oak_sapling":12,"minecraft:furnace":18,"minecraft:gray_bed":13,"comforts:sleeping_bag_white":1,"minecraft:cooked_beef":40,"minecraft:cobbled_deepslate":1,"minecraft:cooked_mutton":8,"minecraft:acacia_boat":2,"minecraft:baked_potato":14,"minecraft:oak_planks":134,"minecraft:stone_pickaxe":527,"minecraft:wooden_pickaxe":93,"minecraft:sandstone":1,"minecraft:green_bed":1,"minecraft:sand":213,"minecraft:crafting_table":11,"simplyswords:diamond_claymore":5,"minecraft:crossbow":3,"minecraft:campfire":1,"minecraft:smoker":2,"minecraft:bread":7,"minecraft:string":3,"minecraft:iron_pickaxe":511,"minecraft:stone_axe":134,"minecraft:wooden_sword":9,"minecraft:cobblestone":112,"minecraft:cooked_porkchop":31},"minecraft:broken":{"minecraft:iron_shovel":3,"minecraft:wooden_pickaxe":1,"minecraft:stone_pickaxe":2,"minecraft:stone_axe":1,"minecraft:iron_pickaxe":1,"minecraft:wooden_axe":1}},"DataVersion":3465}