{"stats":{"minecraft:killed_by":{"minecraft:skeleton":2},"minecraft:picked_up":{"minecraft:charcoal":2,"minecraft:crafting_table":3,"minecraft:coarse_dirt":1,"minecraft:feather":1,"minecraft:chicken":1,"minecraft:flower_pot":3,"minecraft:leather":7,"minecraft:packed_mud":1,"minecraft:flint":2,"minecraft:oak_log":1,"minecraft:gunpowder":1,"minecraft:dirt":33,"minecraft:string":7,"minecraft:cooked_mutton":7,"minecraft:bone":1,"minecraft:wheat_seeds":5,"minecraft:cobbled_deepslate":38,"comforts:sleeping_bag_white":2,"minecraft:beef":10,"minecraft:moss_block":4,"minecraft:acacia_sapling":2,"minecraft:raw_iron":6,"minecraft:jungle_door":1,"minecraft:torch":2,"minecraft:green_bed":2,"minecraft:acacia_log":27,"minecraft:gravel":11,"minecraft:porkchop":2,"minecraft:arrow":3,"minecraft:cactus":3,"minecraft:granite":1,"minecraft:rooted_dirt":1,"minecraft:coal":79,"minecraft:mutton":5,"minecraft:white_wool":3,"minecraft:cobblestone":113},"minecraft:dropped":{"minecraft:dirt":3,"gravestone:obituary":1},"minecraft:custom":{"minecraft:interact_with_furnace":10,"minecraft:mob_kills":11,"minecraft:interact_with_crafting_table":16,"minecraft:leave_game":3,"minecraft:time_since_death":55190,"minecraft:sleep_in_bed":7,"minecraft:climb_one_cm":10757,"minecraft:time_since_rest":241,"minecraft:sprint_one_cm":232688,"minecraft:damage_taken":2190,"minecraft:walk_one_cm":284258,"minecraft:drop":4,"minecraft:damage_dealt":1351,"minecraft:swim_one_cm":4059,"minecraft:fly_one_cm":183575,"minecraft:open_chest":22,"minecraft:crouch_one_cm":115,"minecraft:play_time":104778,"minecraft:deaths":2,"minecraft:sneak_time":79,"minecraft:walk_under_water_one_cm":4229,"minecraft:jump":1765,"minecraft:interact_with_smoker":1,"minecraft:walk_on_water_one_cm":9318,"minecraft:total_world_time":104778,"minecraft:fall_one_cm":44760},"minecraft:crafted":{"minecraft:cooked_beef":33,"minecraft:wooden_sword":1,"minecraft:oak_planks":4,"minecraft:cooked_porkchop":2,"minecraft:crafting_table":3,"minecraft:wooden_pickaxe":2,"minecraft:cooked_chicken":1,"minecraft:iron_sword":1,"minecraft:stone_axe":1,"minecraft:cooked_mutton":3,"minecraft:air":0,"minecraft:stick":44,"minecraft:iron_ingot":5,"minecraft:iron_pickaxe":1,"minecraft:stone_pickaxe":4,"minecraft:wooden_axe":2,"minecraft:stone_sword":3,"minecraft:acacia_planks":76,"minecraft:torch":16},"minecraft:killed":{"minecraft:pig":1,"minecraft:spider":1,"minecraft:sheep":3,"minecraft:chicken":1,"minecraft:cow":4},"minecraft:mined":{"minecraft:acacia_leaves":4,"minecraft:jungle_door":1,"minecraft:potted_cactus":3,"minecraft:crafting_table":3,"minecraft:torch":1,"minecraft:acacia_log":27,"minecraft:grass_block":5,"minecraft:campfire":1,"minecraft:tall_grass":14,"minecraft:rooted_dirt":1,"minecraft:wall_torch":1,"minecraft:packed_mud":1,"minecraft:iron_ore":6,"minecraft:cobbled_deepslate":1,"minecraft:grass":26,"minecraft:coal_ore":80,"minecraft:gravel":4,"minecraft:dirt":19,"minecraft:stone":113,"minecraft:oak_leaves":1,"minecraft:deepslate":36,"minecraft:green_bed":2,"minecraft:tripwire":3,"minecraft:fern":2},"minecraft:used":{"minecraft:cooked_mutton":5,"minecraft:stone_sword":49,"minecraft:stone_pickaxe":145,"minecraft:wooden_pickaxe":93,"minecraft:green_bed":1,"minecraft:torch":2,"minecraft:dirt":27,"minecraft:crafting_table":5,"minecraft:wooden_axe":13,"minecraft:string":3,"minecraft:bread":7,"minecraft:stone_axe":1,"minecraft:wooden_sword":9,"minecraft:cobblestone":39,"comforts:sleeping_bag_white":1,"minecraft:cooked_beef":16,"minecraft:cobbled_deepslate":1},"minecraft:broken":{"minecraft:wooden_pickaxe":1}},"DataVersion":3465}