{"stats":{"minecraft:used":{"minecraft:stone_sword":52,"minecraft:chest":1,"minecraft:iron_sword":205,"minecraft:cooked_chicken":1,"minecraft:torch":10,"minecraft:dirt":27,"minecraft:wooden_axe":61,"minecraft:gray_bed":7,"comforts:sleeping_bag_white":1,"minecraft:cooked_beef":21,"minecraft:cobbled_deepslate":1,"minecraft:cooked_mutton":5,"minecraft:acacia_boat":2,"minecraft:stone_pickaxe":322,"minecraft:baked_potato":14,"minecraft:wooden_pickaxe":93,"minecraft:sandstone":1,"minecraft:green_bed":1,"minecraft:crafting_table":6,"simplyswords:diamond_claymore":5,"minecraft:bread":7,"minecraft:string":3,"minecraft:stone_axe":134,"minecraft:wooden_sword":9,"minecraft:cobblestone":86,"minecraft:cooked_porkchop":2},"minecraft:picked_up":{"minecraft:iron_chestplate":1,"minecraft:charcoal":2,"minecraft:crafting_table":3,"minecraft:coarse_dirt":1,"minecraft:chicken":6,"minecraft:flower_pot":3,"minecraft:stone_slab":2,"minecraft:string":7,"minecraft:cobbled_deepslate":38,"comforts:sleeping_bag_white":2,"minecraft:beef":37,"hangglider:hang_glider":1,"minecraft:chest":1,"minecraft:raw_iron":10,"minecraft:jungle_door":1,"minecraft:green_bed":2,"minecraft:torch":7,"minecraft:acacia_log":27,"minecraft:porkchop":31,"the_bumblezone:bee_stinger":1,"minecraft:cactus":4,"minecraft:arrow":5,"minecraft:peony":22,"minecraft:white_terracotta":10,"minecraft:mutton":21,"minecraft:white_wool":14,"minecraft:cobblestone":212,"minecraft:oxeye_daisy":1,"minecraft:feather":2,"minecraft:lilac":20,"minecraft:leather":17,"minecraft:smoker":1,"minecraft:potato":5,"minecraft:packed_mud":1,"minecraft:flint":2,"minecraft:oak_log":157,"minecraft:gunpowder":1,"minecraft:acacia_boat":1,"minecraft:dirt":44,"minecraft:cooked_mutton":7,"minecraft:bone":1,"minecraft:wheat_seeds":16,"minecraft:orange_tulip":2,"minecraft:moss_block":4,"minecraft:gray_bed":9,"minecraft:iron_sword":2,"minecraft:acacia_sapling":4,"minecraft:book":54,"minecraft:gravel":11,"minecraft:sand":4,"minecraft:orange_wool":1,"minecraft:granite":1,"minecraft:rooted_dirt":2,"minecraft:oak_sapling":4,"minecraft:coal":124,"minecraft:sunflower":1},"minecraft:mined":{"minecraft:potted_cactus":3,"minecraft:orange_wool":1,"minecraft:acacia_log":27,"minecraft:grass_block":10,"minecraft:oxeye_daisy":1,"minecraft:rooted_dirt":1,"minecraft:packed_mud":1,"minecraft:iron_ore":10,"minecraft:cobbled_deepslate":1,"minecraft:peony":22,"minecraft:bookshelf":7,"minecraft:red_tulip":1,"minecraft:stone":212,"minecraft:white_wool":1,"minecraft:green_bed":2,"minecraft:tripwire":3,"minecraft:acacia_leaves":7,"minecraft:jungle_door":1,"minecraft:smoker":1,"minecraft:crafting_table":3,"minecraft:torch":2,"minecraft:campfire":1,"minecraft:stone_slab":2,"minecraft:tall_grass":43,"minecraft:cobblestone":2,"minecraft:wall_torch":6,"minecraft:white_terracotta":11,"minecraft:lilac":20,"minecraft:gray_bed":9,"minecraft:grass":75,"minecraft:coal_ore":125,"minecraft:oak_log":159,"minecraft:sunflower":1,"minecraft:gravel":4,"minecraft:sand":4,"minecraft:dirt":25,"minecraft:oak_leaves":15,"minecraft:deepslate":36,"minecraft:fern":2},"minecraft:custom":{"minecraft:mob_kills":56,"minecraft:interact_with_crafting_table":26,"minecraft:open_barrel":21,"minecraft:leave_game":3,"minecraft:time_since_death":185988,"minecraft:climb_one_cm":11752,"minecraft:sprint_one_cm":562828,"minecraft:walk_one_cm":563155,"minecraft:drop":17,"minecraft:play_time":235576,"minecraft:deaths":2,"minecraft:sneak_time":210,"minecraft:walk_under_water_one_cm":11014,"minecraft:boat_one_cm":291182,"minecraft:jump":3556,"minecraft:interact_with_blast_furnace":1,"minecraft:walk_on_water_one_cm":36190,"minecraft:total_world_time":235576,"minecraft:interact_with_furnace":15,"minecraft:interact_with_loom":1,"minecraft:sleep_in_bed":16,"minecraft:time_since_rest":9190,"minecraft:damage_taken":3040,"minecraft:damage_dealt":6603,"minecraft:swim_one_cm":49230,"minecraft:fly_one_cm":508798,"minecraft:open_chest":76,"minecraft:crouch_one_cm":466,"minecraft:interact_with_smoker":2,"minecraft:fall_one_cm":87108},"minecraft:killed_by":{"minecraft:skeleton":2},"minecraft:crafted":{"minecraft:wooden_sword":1,"minecraft:oak_planks":8,"minecraft:cooked_chicken":1,"minecraft:cooked_mutton":3,"minecraft:stone_pickaxe":6,"minecraft:chest":1,"minecraft:cooked_beef":33,"minecraft:cooked_porkchop":2,"minecraft:crafting_table":4,"minecraft:wooden_pickaxe":2,"minecraft:iron_sword":1,"minecraft:stone_axe":2,"minecraft:acacia_boat":2,"minecraft:air":0,"minecraft:stick":52,"minecraft:iron_ingot":11,"minecraft:iron_pickaxe":2,"minecraft:wooden_axe":2,"minecraft:stone_sword":3,"minecraft:sandstone":1,"minecraft:acacia_planks":76,"minecraft:torch":16},"minecraft:dropped":{"minecraft:acacia_boat":1,"minecraft:iron_sword":2,"minecraft:orange_tulip":2,"minecraft:book":27,"minecraft:leather":4,"minecraft:dirt":3,"gravestone:obituary":1,"minecraft:cactus":1,"minecraft:green_bed":1,"minecraft:chest":1},"minecraft:broken":{"minecraft:wooden_pickaxe":1,"minecraft:stone_axe":1,"minecraft:wooden_axe":1},"minecraft:killed":{"minecraft:spider":1,"minecraft:bee":1,"minecraft:chicken":6,"minecraft:pig":17,"minecraft:sheep":13,"minecraft:cow":17}},"DataVersion":3465}