{"stats":{"minecraft:killed_by":{"minecraft:skeleton":2},"minecraft:picked_up":{"minecraft:charcoal":2,"minecraft:crafting_table":3,"minecraft:coarse_dirt":1,"minecraft:feather":2,"minecraft:chicken":6,"minecraft:flower_pot":3,"minecraft:leather":7,"minecraft:smoker":1,"minecraft:packed_mud":1,"minecraft:flint":2,"minecraft:oak_log":27,"minecraft:gunpowder":1,"minecraft:acacia_boat":1,"minecraft:dirt":44,"minecraft:string":7,"minecraft:cooked_mutton":7,"minecraft:bone":1,"minecraft:wheat_seeds":14,"minecraft:cobbled_deepslate":38,"comforts:sleeping_bag_white":2,"minecraft:beef":10,"minecraft:iron_sword":1,"hangglider:hang_glider":1,"minecraft:acacia_sapling":4,"minecraft:moss_block":4,"minecraft:gray_bed":7,"minecraft:chest":1,"minecraft:raw_iron":10,"minecraft:jungle_door":1,"minecraft:torch":4,"minecraft:green_bed":2,"minecraft:acacia_log":27,"minecraft:gravel":11,"minecraft:porkchop":21,"minecraft:orange_wool":1,"minecraft:arrow":5,"minecraft:cactus":4,"minecraft:granite":1,"minecraft:oak_sapling":1,"minecraft:rooted_dirt":2,"minecraft:mutton":21,"minecraft:coal":124,"minecraft:white_wool":14,"minecraft:cobblestone":167},"minecraft:custom":{"minecraft:interact_with_furnace":10,"minecraft:mob_kills":37,"minecraft:interact_with_crafting_table":21,"minecraft:open_barrel":2,"minecraft:interact_with_loom":1,"minecraft:leave_game":3,"minecraft:time_since_death":128183,"minecraft:sleep_in_bed":12,"minecraft:climb_one_cm":11752,"minecraft:time_since_rest":11004,"minecraft:sprint_one_cm":436335,"minecraft:damage_taken":2832,"minecraft:walk_one_cm":470777,"minecraft:drop":9,"minecraft:damage_dealt":4019,"minecraft:swim_one_cm":25367,"minecraft:fly_one_cm":410187,"minecraft:open_chest":43,"minecraft:crouch_one_cm":466,"minecraft:play_time":177771,"minecraft:deaths":2,"minecraft:sneak_time":208,"minecraft:walk_under_water_one_cm":8147,"minecraft:boat_one_cm":291182,"minecraft:jump":3006,"minecraft:walk_on_water_one_cm":23803,"minecraft:fall_one_cm":78146,"minecraft:total_world_time":177771,"minecraft:interact_with_smoker":2},"minecraft:dropped":{"minecraft:iron_sword":1,"minecraft:acacia_boat":1,"minecraft:green_bed":1,"minecraft:dirt":3,"minecraft:chest":1,"gravestone:obituary":1,"minecraft:cactus":1},"minecraft:crafted":{"minecraft:cooked_beef":33,"minecraft:wooden_sword":1,"minecraft:oak_planks":4,"minecraft:cooked_porkchop":2,"minecraft:crafting_table":4,"minecraft:wooden_pickaxe":2,"minecraft:cooked_chicken":1,"minecraft:iron_sword":1,"minecraft:stone_axe":1,"minecraft:acacia_boat":2,"minecraft:cooked_mutton":3,"minecraft:air":0,"minecraft:stick":44,"minecraft:iron_ingot":5,"minecraft:stone_pickaxe":4,"minecraft:iron_pickaxe":1,"minecraft:wooden_axe":2,"minecraft:stone_sword":3,"minecraft:chest":1,"minecraft:acacia_planks":76,"minecraft:torch":16},"minecraft:killed":{"minecraft:pig":12,"minecraft:spider":1,"minecraft:sheep":13,"minecraft:chicken":6,"minecraft:cow":4},"minecraft:mined":{"minecraft:acacia_leaves":7,"minecraft:jungle_door":1,"minecraft:smoker":1,"minecraft:orange_wool":1,"minecraft:potted_cactus":3,"minecraft:crafting_table":3,"minecraft:torch":1,"minecraft:acacia_log":27,"minecraft:grass_block":10,"minecraft:campfire":1,"minecraft:tall_grass":40,"minecraft:cobblestone":2,"minecraft:wall_torch":3,"minecraft:rooted_dirt":1,"minecraft:packed_mud":1,"minecraft:iron_ore":10,"minecraft:cobbled_deepslate":1,"minecraft:gray_bed":7,"minecraft:grass":63,"minecraft:oak_log":29,"minecraft:coal_ore":125,"minecraft:gravel":4,"minecraft:dirt":25,"minecraft:stone":166,"minecraft:white_wool":1,"minecraft:oak_leaves":6,"minecraft:green_bed":2,"minecraft:deepslate":36,"minecraft:tripwire":3,"minecraft:fern":2},"minecraft:used":{"minecraft:cooked_mutton":5,"minecraft:acacia_boat":2,"minecraft:stone_sword":49,"minecraft:stone_pickaxe":263,"minecraft:baked_potato":8,"minecraft:chest":1,"minecraft:wooden_pickaxe":93,"minecraft:iron_sword":133,"minecraft:green_bed":1,"minecraft:torch":5,"minecraft:dirt":27,"minecraft:crafting_table":6,"minecraft:wooden_axe":44,"minecraft:string":3,"minecraft:bread":7,"minecraft:stone_axe":1,"minecraft:wooden_sword":9,"minecraft:cobblestone":86,"minecraft:gray_bed":5,"minecraft:cooked_beef":21,"comforts:sleeping_bag_white":1,"minecraft:cobbled_deepslate":1},"minecraft:broken":{"minecraft:wooden_pickaxe":1}},"DataVersion":3465}