{"stats":{"minecraft:killed_by":{"minecraft:skeleton":1},"minecraft:picked_up":{"minecraft:coarse_dirt":1,"minecraft:cooked_mutton":7,"minecraft:wheat_seeds":2,"minecraft:acacia_log":1,"comforts:sleeping_bag_white":2,"minecraft:packed_mud":1,"minecraft:granite":1,"minecraft:oak_log":1,"minecraft:gunpowder":1,"minecraft:moss_block":4,"minecraft:dirt":7,"minecraft:mutton":2,"minecraft:string":2,"minecraft:white_wool":1},"minecraft:dropped":{"gravestone:obituary":1},"minecraft:custom":{"minecraft:time_since_rest":4892,"minecraft:crouch_one_cm":115,"minecraft:sprint_one_cm":41513,"minecraft:play_time":13091,"minecraft:deaths":1,"minecraft:damage_taken":340,"minecraft:walk_one_cm":30959,"minecraft:sneak_time":16,"minecraft:walk_under_water_one_cm":381,"minecraft:mob_kills":2,"minecraft:drop":1,"minecraft:jump":242,"minecraft:damage_dealt":312,"minecraft:leave_game":1,"minecraft:walk_on_water_one_cm":3201,"minecraft:time_since_death":9141,"minecraft:sleep_in_bed":1,"minecraft:total_world_time":13091,"minecraft:swim_one_cm":2642,"minecraft:fall_one_cm":4048,"minecraft:fly_one_cm":35281},"minecraft:killed":{"minecraft:sheep":1},"minecraft:mined":{"minecraft:grass":4,"minecraft:packed_mud":1,"minecraft:dirt":1,"minecraft:tall_grass":4},"minecraft:used":{"minecraft:cooked_mutton":3,"minecraft:dirt":4,"comforts:sleeping_bag_white":1}},"DataVersion":3465}