{"stats":{"minecraft:killed_by":{"minecraft:skeleton":2},"minecraft:picked_up":{"minecraft:charcoal":2,"minecraft:coarse_dirt":1,"minecraft:crafting_table":3,"minecraft:flower_pot":3,"minecraft:leather":4,"minecraft:packed_mud":1,"minecraft:flint":2,"minecraft:oak_log":1,"minecraft:gunpowder":1,"minecraft:string":7,"minecraft:dirt":33,"minecraft:cooked_mutton":7,"minecraft:wheat_seeds":4,"minecraft:cobbled_deepslate":38,"comforts:sleeping_bag_white":2,"minecraft:beef":5,"minecraft:moss_block":4,"minecraft:acacia_sapling":2,"minecraft:raw_iron":3,"minecraft:jungle_door":1,"minecraft:acacia_log":19,"minecraft:torch":2,"minecraft:green_bed":1,"minecraft:gravel":11,"minecraft:cactus":3,"minecraft:granite":1,"minecraft:rooted_dirt":1,"minecraft:coal":32,"minecraft:mutton":2,"minecraft:white_wool":1,"minecraft:cobblestone":82},"minecraft:dropped":{"minecraft:dirt":3,"gravestone:obituary":1},"minecraft:custom":{"minecraft:interact_with_furnace":3,"minecraft:mob_kills":5,"minecraft:interact_with_crafting_table":12,"minecraft:leave_game":3,"minecraft:time_since_death":26958,"minecraft:sleep_in_bed":5,"minecraft:climb_one_cm":8522,"minecraft:time_since_rest":12176,"minecraft:sprint_one_cm":151620,"minecraft:damage_taken":1840,"minecraft:walk_one_cm":193350,"minecraft:drop":4,"minecraft:damage_dealt":801,"minecraft:swim_one_cm":4059,"minecraft:fly_one_cm":142897,"minecraft:open_chest":18,"minecraft:crouch_one_cm":115,"minecraft:play_time":76546,"minecraft:deaths":2,"minecraft:sneak_time":79,"minecraft:walk_under_water_one_cm":4229,"minecraft:jump":1205,"minecraft:walk_on_water_one_cm":9306,"minecraft:total_world_time":76546,"minecraft:fall_one_cm":36240},"minecraft:crafted":{"minecraft:cooked_beef":26,"minecraft:wooden_sword":1,"minecraft:oak_planks":4,"minecraft:crafting_table":3,"minecraft:wooden_pickaxe":2,"minecraft:stone_axe":1,"minecraft:stick":44,"minecraft:stone_pickaxe":4,"minecraft:wooden_axe":2,"minecraft:stone_sword":3,"minecraft:acacia_planks":76,"minecraft:torch":16},"minecraft:killed":{"minecraft:spider":1,"minecraft:sheep":1,"minecraft:cow":2},"minecraft:mined":{"minecraft:acacia_leaves":3,"minecraft:jungle_door":1,"minecraft:potted_cactus":3,"minecraft:crafting_table":3,"minecraft:torch":1,"minecraft:acacia_log":18,"minecraft:grass_block":5,"minecraft:campfire":1,"minecraft:tall_grass":12,"minecraft:rooted_dirt":1,"minecraft:wall_torch":1,"minecraft:packed_mud":1,"minecraft:iron_ore":3,"minecraft:cobbled_deepslate":1,"minecraft:grass":16,"minecraft:coal_ore":33,"minecraft:gravel":4,"minecraft:dirt":19,"minecraft:stone":82,"minecraft:oak_leaves":1,"minecraft:deepslate":36,"minecraft:green_bed":1,"minecraft:tripwire":3,"minecraft:fern":2},"minecraft:used":{"minecraft:cooked_mutton":5,"minecraft:stone_sword":19,"minecraft:stone_pickaxe":64,"minecraft:wooden_pickaxe":93,"minecraft:torch":2,"minecraft:dirt":27,"minecraft:crafting_table":4,"minecraft:wooden_axe":3,"minecraft:bread":4,"minecraft:string":3,"minecraft:stone_axe":1,"minecraft:wooden_sword":9,"minecraft:cobblestone":19,"comforts:sleeping_bag_white":1,"minecraft:cooked_beef":11,"minecraft:cobbled_deepslate":1},"minecraft:broken":{"minecraft:wooden_pickaxe":1}},"DataVersion":3465}