{"stats":{"minecraft:killed_by":{"minecraft:skeleton":1},"minecraft:picked_up":{"minecraft:charcoal":2,"minecraft:coarse_dirt":1,"minecraft:jungle_door":1,"minecraft:flower_pot":3,"minecraft:leather":2,"minecraft:acacia_log":9,"minecraft:packed_mud":1,"minecraft:oak_log":1,"minecraft:gunpowder":1,"minecraft:string":5,"minecraft:dirt":29,"minecraft:cooked_mutton":7,"minecraft:cactus":3,"minecraft:wheat_seeds":4,"comforts:sleeping_bag_white":2,"minecraft:beef":3,"minecraft:granite":1,"minecraft:moss_block":4,"minecraft:mutton":2,"minecraft:white_wool":1,"minecraft:cobblestone":31},"minecraft:dropped":{"minecraft:dirt":3,"gravestone:obituary":1},"minecraft:custom":{"minecraft:time_since_rest":7403,"minecraft:sprint_one_cm":71419,"minecraft:damage_taken":430,"minecraft:walk_one_cm":65975,"minecraft:mob_kills":3,"minecraft:drop":4,"minecraft:damage_dealt":423,"minecraft:swim_one_cm":2642,"minecraft:interact_with_crafting_table":4,"minecraft:fly_one_cm":63104,"minecraft:open_chest":3,"minecraft:crouch_one_cm":115,"minecraft:play_time":28731,"minecraft:deaths":1,"minecraft:sneak_time":40,"minecraft:walk_under_water_one_cm":381,"minecraft:jump":436,"minecraft:leave_game":2,"minecraft:time_since_death":24781,"minecraft:walk_on_water_one_cm":3201,"minecraft:sleep_in_bed":2,"minecraft:climb_one_cm":2619,"minecraft:total_world_time":28731,"minecraft:fall_one_cm":9096},"minecraft:crafted":{"minecraft:wooden_sword":1,"minecraft:oak_planks":4,"minecraft:crafting_table":1,"minecraft:stick":8,"minecraft:wooden_pickaxe":1,"minecraft:wooden_axe":1,"minecraft:acacia_planks":36},"minecraft:killed":{"minecraft:sheep":1,"minecraft:cow":1},"minecraft:mined":{"minecraft:acacia_leaves":1,"minecraft:jungle_door":1,"minecraft:packed_mud":1,"minecraft:potted_cactus":3,"minecraft:grass":10,"minecraft:acacia_log":8,"minecraft:grass_block":5,"minecraft:dirt":15,"minecraft:campfire":1,"minecraft:tall_grass":12,"minecraft:stone":31,"minecraft:tripwire":3,"minecraft:fern":2},"minecraft:used":{"minecraft:cooked_mutton":5,"minecraft:string":3,"minecraft:wooden_pickaxe":32,"minecraft:wooden_sword":9,"minecraft:dirt":4,"minecraft:crafting_table":1,"comforts:sleeping_bag_white":1}},"DataVersion":3465}