{"stats":{"minecraft:killed_by":{"minecraft:husk":1,"minecraft:spider":1,"minecraft:skeleton":1,"minecraft:zombie":1},"minecraft:picked_up":{"minecraft:charcoal":2,"minecraft:crafting_table":8,"minecraft:chicken":1,"minecraft:flower_pot":1,"gravestone:obituary":5,"minecraft:string":4,"minecraft:blackstone":13,"minecraft:sea_pickle":6,"minecraft:candle":3,"minecraft:cobbled_deepslate":59,"comforts:sleeping_bag_white":3,"minecraft:beef":24,"minecraft:azalea":1,"minecraft:poppy":1,"minecraft:light_gray_wool":1,"minecraft:furnace":2,"minecraft:egg":1,"minecraft:raw_iron":139,"minecraft:stick":5,"minecraft:sandstone":17,"minecraft:torch":16,"minecraft:acacia_log":17,"sophisticatedbackpacks:backpack":1,"minecraft:porkchop":26,"minecraft:redstone":3,"minecraft:cactus":1,"minecraft:arrow":4,"minecraft:rotten_flesh":35,"minecraft:hay_block":19,"minecraft:gold_ingot":2,"minecraft:mutton":22,"minecraft:cobblestone":57,"minecraft:white_wool":14,"minecraft:purple_dye":1,"minecraft:leather":12,"minecraft:smoker":1,"minecraft:filled_map":1,"minecraft:oak_log":7,"minecraft:lapis_lazuli":29,"minecraft:dirt":7,"minecraft:orange_terracotta":1,"minecraft:bone":6,"minecraft:acacia_planks":6,"minecraft:apple":1,"minecraft:wheat_seeds":4,"minecraft:green_candle":12,"minecraft:smooth_basalt":4,"minecraft:gravel":9,"minecraft:sand":23,"minecraft:white_bed":1,"minecraft:diamond":12,"minecraft:granite":42,"minecraft:gray_wool":1,"minecraft:emerald":1,"minecraft:oak_sapling":1,"minecraft:coal":118},"minecraft:dropped":{"minecraft:wheat_seeds":3,"minecraft:cobblestone":5,"minecraft:granite":40,"minecraft:purple_dye":1,"minecraft:coal":1,"minecraft:stick":3,"gravestone:obituary":8,"minecraft:gold_ingot":1,"minecraft:smooth_basalt":4,"minecraft:redstone":3,"minecraft:gravel":6,"minecraft:stone_axe":1,"minecraft:blackstone":7,"minecraft:stone_sword":1,"minecraft:raw_iron":60,"minecraft:rotten_flesh":33,"minecraft:light_gray_wool":1,"minecraft:filled_map":1,"minecraft:orange_terracotta":1,"minecraft:oak_sapling":1,"minecraft:wooden_pickaxe":1},"minecraft:custom":{"minecraft:mob_kills":69,"minecraft:interact_with_crafting_table":38,"minecraft:damage_dealt_resisted":40,"minecraft:leave_game":5,"minecraft:time_since_death":16612,"minecraft:climb_one_cm":6259,"minecraft:sprint_one_cm":361047,"minecraft:walk_one_cm":185921,"minecraft:drop":39,"minecraft:damage_dealt_absorbed":39,"minecraft:talked_to_villager":6,"minecraft:play_time":128990,"minecraft:deaths":7,"minecraft:sneak_time":2155,"minecraft:walk_under_water_one_cm":26514,"minecraft:jump":3015,"minecraft:walk_on_water_one_cm":8331,"minecraft:total_world_time":128990,"minecraft:interact_with_furnace":54,"minecraft:sleep_in_bed":5,"minecraft:time_since_rest":16682,"minecraft:damage_taken":5374,"minecraft:damage_dealt":9680,"minecraft:swim_one_cm":78099,"minecraft:fly_one_cm":665683,"minecraft:open_chest":46,"minecraft:crouch_one_cm":3815,"minecraft:interact_with_smoker":21,"minecraft:fall_one_cm":132468},"minecraft:crafted":{"minecraft:oak_planks":28,"comforts:sleeping_bag_white":1,"minecraft:cooked_chicken":1,"minecraft:furnace":2,"minecraft:cooked_mutton":22,"minecraft:iron_boots":1,"minecraft:iron_axe":1,"minecraft:stone_pickaxe":1,"minecraft:chest":3,"minecraft:wheat":81,"minecraft:cooked_beef":24,"minecraft:red_dye":1,"sophisticatedbackpacks:backpack":2,"minecraft:cooked_porkchop":26,"minecraft:crafting_table":3,"minecraft:wooden_pickaxe":3,"minecraft:iron_helmet":1,"minecraft:bucket":1,"minecraft:stone_axe":1,"minecraft:bread":25,"minecraft:air":0,"minecraft:blue_dye":1,"minecraft:diamond_pickaxe":1,"minecraft:iron_chestplate":1,"minecraft:purple_dye":2,"minecraft:stick":24,"minecraft:iron_ingot":77,"minecraft:iron_pickaxe":1,"minecraft:wooden_axe":1,"minecraft:stone_sword":1,"minecraft:iron_leggings":1,"minecraft:white_bed":1,"minecraft:acacia_planks":68,"minecraft:torch":16},"minecraft:killed":{"minecraft:spider":3,"minecraft:skeleton":6,"minecraft:chicken":1,"minecraft:pig":10,"minecraft:sheep":17,"minecraft:zombie":17,"minecraft:cow":14},"minecraft:mined":{"minecraft:white_bed":1,"minecraft:deepslate_diamond_ore":12,"minecraft:candle":1,"minecraft:potted_cactus":1,"gravestone:gravestone":6,"minecraft:granite":23,"minecraft:acacia_log":17,"minecraft:grass_block":3,"minecraft:sandstone":11,"comforts:sleeping_bag_white":1,"minecraft:hay_block":20,"minecraft:furnace":2,"minecraft:iron_ore":17,"minecraft:cobbled_deepslate":3,"minecraft:fire":1,"minecraft:deepslate_lapis_ore":4,"minecraft:deepslate_iron_ore":59,"minecraft:green_candle":6,"minecraft:azalea":1,"minecraft:stone":53,"sophisticatedbackpacks:backpack":1,"minecraft:acacia_leaves":4,"minecraft:blackstone":13,"minecraft:smoker":1,"minecraft:orange_terracotta":1,"minecraft:crafting_table":8,"minecraft:torch":6,"minecraft:poppy":2,"minecraft:dead_bush":1,"minecraft:tall_grass":5,"minecraft:wall_torch":8,"minecraft:sea_pickle":2,"minecraft:grass":21,"minecraft:coal_ore":86,"minecraft:oak_log":7,"minecraft:gravel":3,"minecraft:sand":26,"minecraft:dirt":4,"minecraft:smooth_basalt":4,"minecraft:deepslate":37},"minecraft:used":{"minecraft:azalea":1,"minecraft:stone_sword":127,"minecraft:chest":2,"minecraft:torch":17,"minecraft:dirt":6,"minecraft:carrot":3,"minecraft:granite":2,"minecraft:wooden_axe":41,"minecraft:iron_axe":64,"minecraft:furnace":4,"minecraft:egg":1,"comforts:sleeping_bag_white":3,"minecraft:cooked_beef":7,"minecraft:cobbled_deepslate":44,"minecraft:acacia_planks":3,"minecraft:cooked_mutton":15,"minecraft:stone_pickaxe":132,"minecraft:blackstone":6,"minecraft:wooden_pickaxe":77,"minecraft:sandstone":11,"minecraft:glow_berries":2,"minecraft:sand":23,"minecraft:crafting_table":9,"simplyswords:diamond_claymore":5,"minecraft:white_bed":2,"minecraft:smoker":1,"sophisticatedbackpacks:backpack":1,"minecraft:apple":1,"minecraft:bread":11,"minecraft:iron_pickaxe":129,"minecraft:stone_axe":3,"minecraft:green_candle":3,"minecraft:cobblestone":24,"minecraft:cooked_porkchop":17},"minecraft:broken":{"minecraft:wooden_pickaxe":1,"minecraft:stone_pickaxe":1,"minecraft:wooden_axe":1}},"DataVersion":3465}