{"stats":{"minecraft:killed_by":{"minecraft:husk":1,"minecraft:creeper":1,"minecraft:spider":1,"minecraft:skeleton":1,"minecraft:zombie":1},"minecraft:picked_up":{"minecraft:charcoal":2,"minecraft:crafting_table":8,"minecraft:chicken":1,"minecraft:flower_pot":1,"gravestone:obituary":5,"minecraft:string":4,"minecraft:blackstone":13,"minecraft:sea_pickle":6,"minecraft:cobbled_deepslate":59,"minecraft:candle":3,"comforts:sleeping_bag_white":3,"minecraft:beef":30,"minecraft:azalea":1,"minecraft:poppy":1,"minecraft:light_gray_wool":1,"minecraft:furnace":2,"minecraft:egg":1,"minecraft:stick":6,"minecraft:raw_iron":238,"minecraft:sandstone":34,"minecraft:torch":24,"minecraft:acacia_log":21,"sophisticatedbackpacks:backpack":1,"minecraft:porkchop":26,"minecraft:redstone":3,"minecraft:arrow":5,"minecraft:cactus":1,"minecraft:rotten_flesh":36,"minecraft:hay_block":19,"minecraft:gold_ingot":2,"minecraft:obsidian":1,"minecraft:cobblestone":112,"minecraft:mutton":22,"minecraft:white_wool":14,"minecraft:purple_dye":1,"minecraft:leather":15,"minecraft:smoker":1,"minecraft:filled_map":1,"minecraft:oak_log":16,"minecraft:lapis_lazuli":70,"minecraft:dirt":27,"minecraft:orange_terracotta":1,"minecraft:bone":7,"minecraft:acacia_planks":6,"minecraft:apple":1,"minecraft:wheat_seeds":6,"minecraft:green_candle":12,"minecraft:acacia_sapling":1,"minecraft:oak_planks":2,"minecraft:smooth_basalt":4,"minecraft:gravel":9,"minecraft:sand":32,"minecraft:white_bed":1,"minecraft:diamond":12,"minecraft:granite":56,"minecraft:gray_wool":1,"minecraft:emerald":1,"minecraft:oak_sapling":1,"minecraft:coal":130},"minecraft:dropped":{"minecraft:wheat_seeds":5,"minecraft:cobblestone":5,"minecraft:granite":40,"minecraft:purple_dye":1,"minecraft:coal":1,"minecraft:stick":3,"gravestone:obituary":8,"minecraft:redstone":3,"minecraft:gold_ingot":1,"minecraft:smooth_basalt":4,"minecraft:gravel":6,"minecraft:stone_axe":1,"minecraft:blackstone":7,"minecraft:stone_sword":1,"minecraft:raw_iron":60,"minecraft:rotten_flesh":33,"minecraft:light_gray_wool":1,"minecraft:filled_map":1,"minecraft:orange_terracotta":1,"minecraft:acacia_sapling":1,"minecraft:oak_sapling":1,"minecraft:wooden_pickaxe":1},"minecraft:custom":{"minecraft:mob_kills":77,"minecraft:interact_with_crafting_table":47,"minecraft:damage_dealt_resisted":40,"minecraft:leave_game":6,"minecraft:time_since_death":6367,"minecraft:climb_one_cm":7457,"minecraft:sprint_one_cm":503644,"minecraft:walk_one_cm":253102,"minecraft:drop":41,"minecraft:damage_dealt_absorbed":39,"minecraft:talked_to_villager":6,"minecraft:play_time":157733,"minecraft:deaths":8,"minecraft:sneak_time":2359,"minecraft:walk_under_water_one_cm":32392,"minecraft:jump":3463,"minecraft:walk_on_water_one_cm":11708,"minecraft:total_world_time":157733,"minecraft:interact_with_furnace":54,"minecraft:sleep_in_bed":5,"minecraft:time_since_rest":6436,"minecraft:damage_taken":5792,"minecraft:damage_dealt":11007,"minecraft:swim_one_cm":87607,"minecraft:fly_one_cm":727231,"minecraft:open_chest":53,"minecraft:crouch_one_cm":4116,"minecraft:interact_with_smoker":22,"minecraft:fall_one_cm":144453},"minecraft:crafted":{"minecraft:oak_planks":36,"comforts:sleeping_bag_white":1,"minecraft:cooked_chicken":1,"minecraft:furnace":2,"minecraft:cooked_mutton":22,"minecraft:iron_boots":1,"minecraft:iron_axe":1,"minecraft:stone_pickaxe":1,"minecraft:chest":3,"minecraft:wheat":81,"minecraft:cooked_beef":24,"minecraft:red_dye":1,"sophisticatedbackpacks:backpack":2,"minecraft:cooked_porkchop":26,"minecraft:crafting_table":3,"minecraft:wooden_pickaxe":4,"minecraft:iron_helmet":2,"minecraft:bucket":1,"minecraft:stone_axe":1,"minecraft:bread":25,"minecraft:air":0,"minecraft:blue_dye":1,"minecraft:iron_chestplate":2,"minecraft:diamond_pickaxe":1,"minecraft:purple_dye":2,"minecraft:stick":60,"minecraft:iron_ingot":77,"minecraft:iron_pickaxe":2,"minecraft:wooden_axe":1,"minecraft:stone_sword":1,"minecraft:iron_leggings":2,"minecraft:white_bed":1,"minecraft:acacia_planks":84,"minecraft:torch":116},"minecraft:killed":{"minecraft:spider":4,"minecraft:skeleton":7,"minecraft:chicken":1,"minecraft:pig":10,"minecraft:sheep":17,"minecraft:zombie":20,"minecraft:cow":17},"minecraft:mined":{"minecraft:white_bed":1,"minecraft:deepslate_diamond_ore":12,"minecraft:candle":1,"minecraft:potted_cactus":1,"minecraft:obsidian":1,"gravestone:gravestone":6,"minecraft:granite":42,"minecraft:acacia_log":21,"minecraft:grass_block":3,"minecraft:sandstone":28,"comforts:sleeping_bag_white":1,"minecraft:tall_seagrass":1,"minecraft:hay_block":20,"minecraft:furnace":2,"minecraft:iron_ore":116,"minecraft:cobbled_deepslate":3,"minecraft:fire":1,"minecraft:deepslate_lapis_ore":4,"minecraft:deepslate_iron_ore":59,"minecraft:green_candle":6,"minecraft:azalea":1,"minecraft:stone":107,"sophisticatedbackpacks:backpack":1,"minecraft:acacia_leaves":12,"minecraft:blackstone":13,"minecraft:smoker":1,"minecraft:orange_terracotta":1,"minecraft:crafting_table":8,"minecraft:torch":6,"minecraft:poppy":2,"minecraft:dead_bush":1,"minecraft:tall_grass":5,"minecraft:cobblestone":3,"minecraft:lapis_ore":6,"minecraft:oak_planks":2,"minecraft:wall_torch":15,"minecraft:sea_pickle":2,"minecraft:grass":23,"minecraft:oak_log":16,"minecraft:coal_ore":98,"minecraft:gravel":3,"minecraft:sand":35,"minecraft:dirt":8,"minecraft:smooth_basalt":4,"minecraft:oak_leaves":13,"minecraft:deepslate":37,"minecraft:fern":1},"minecraft:used":{"minecraft:azalea":1,"minecraft:stone_sword":127,"minecraft:chest":2,"minecraft:torch":114,"minecraft:dirt":23,"minecraft:carrot":3,"minecraft:granite":4,"minecraft:wooden_axe":41,"minecraft:iron_axe":110,"minecraft:furnace":4,"minecraft:egg":1,"comforts:sleeping_bag_white":3,"minecraft:cooked_beef":7,"minecraft:cobbled_deepslate":44,"minecraft:acacia_planks":3,"minecraft:cooked_mutton":15,"minecraft:water_bucket":2,"minecraft:stone_pickaxe":132,"minecraft:blackstone":6,"minecraft:wooden_pickaxe":95,"minecraft:sandstone":11,"minecraft:glow_berries":2,"minecraft:sand":28,"minecraft:crafting_table":10,"simplyswords:diamond_claymore":5,"minecraft:white_bed":2,"minecraft:smoker":1,"sophisticatedbackpacks:backpack":1,"minecraft:diamond_pickaxe":15,"minecraft:apple":1,"minecraft:iron_pickaxe":309,"minecraft:bread":12,"minecraft:stone_axe":3,"minecraft:green_candle":3,"minecraft:cobblestone":25,"minecraft:cooked_porkchop":20,"minecraft:bucket":3},"minecraft:broken":{"minecraft:wooden_pickaxe":1,"minecraft:stone_pickaxe":1,"minecraft:iron_pickaxe":1,"minecraft:wooden_axe":1}},"DataVersion":3465}