{"stats":{"minecraft:killed_by":{"minecraft:spider":1},"minecraft:picked_up":{"minecraft:stick":2,"minecraft:crafting_table":4,"minecraft:chicken":1,"minecraft:leather":9,"minecraft:torch":2,"minecraft:porkchop":26,"minecraft:oak_log":7,"minecraft:dirt":6,"minecraft:bone":2,"minecraft:rotten_flesh":10,"minecraft:apple":1,"minecraft:wheat_seeds":3,"minecraft:beef":17,"minecraft:gray_wool":1,"minecraft:azalea":1,"minecraft:light_gray_wool":1,"minecraft:oak_sapling":1,"minecraft:mutton":22,"minecraft:coal":79,"minecraft:white_wool":14,"minecraft:cobblestone":35,"minecraft:furnace":1},"minecraft:dropped":{"minecraft:wheat_seeds":3,"minecraft:oak_sapling":1,"minecraft:light_gray_wool":1,"minecraft:rotten_flesh":8},"minecraft:custom":{"minecraft:time_since_rest":460,"minecraft:interact_with_furnace":15,"minecraft:sprint_one_cm":103274,"minecraft:damage_taken":780,"minecraft:walk_one_cm":52354,"minecraft:mob_kills":46,"minecraft:drop":8,"minecraft:damage_dealt":4988,"minecraft:deaths":1,"minecraft:swim_one_cm":738,"minecraft:damage_dealt_absorbed":39,"minecraft:interact_with_crafting_table":9,"minecraft:fly_one_cm":194278,"minecraft:crouch_one_cm":265,"minecraft:play_time":36291,"minecraft:walk_under_water_one_cm":713,"minecraft:sneak_time":220,"minecraft:jump":876,"minecraft:walk_on_water_one_cm":1108,"minecraft:leave_game":3,"minecraft:time_since_death":255,"minecraft:total_world_time":36291,"minecraft:fall_one_cm":33252},"minecraft:crafted":{"minecraft:oak_planks":28,"minecraft:cooked_porkchop":23,"minecraft:crafting_table":1,"minecraft:stick":12,"minecraft:wooden_pickaxe":1,"minecraft:stone_pickaxe":1,"minecraft:wooden_axe":1,"minecraft:white_bed":1,"minecraft:stone_sword":1,"minecraft:furnace":1,"minecraft:torch":16,"minecraft:stone_axe":1,"minecraft:air":0},"minecraft:killed":{"minecraft:sheep":17,"minecraft:skeleton":1,"minecraft:zombie":7,"minecraft:pig":10,"minecraft:chicken":1,"minecraft:cow":10},"minecraft:mined":{"minecraft:furnace":1,"minecraft:crafting_table":4,"minecraft:torch":2,"minecraft:grass":15,"minecraft:grass_block":3,"minecraft:oak_log":7,"minecraft:coal_ore":65,"minecraft:poppy":1,"minecraft:dirt":3,"minecraft:tall_grass":5,"minecraft:azalea":1,"minecraft:stone":35},"minecraft:used":{"minecraft:azalea":1,"minecraft:wooden_axe":41,"minecraft:stone_sword":92,"minecraft:stone_pickaxe":87,"minecraft:wooden_pickaxe":15,"minecraft:stone_axe":2,"minecraft:torch":2,"minecraft:dirt":6,"minecraft:cobblestone":7,"minecraft:crafting_table":4,"minecraft:furnace":1,"minecraft:cooked_porkchop":8},"minecraft:broken":{"minecraft:wooden_axe":1}},"DataVersion":3465}