{"stats":{"minecraft:killed_by":{"minecraft:husk":1,"minecraft:creeper":1,"minecraft:spider":1,"minecraft:skeleton":1,"minecraft:zombie":1},"minecraft:picked_up":{"minecraft:charcoal":4,"minecraft:crafting_table":11,"minecraft:wheat":6,"minecraft:chicken":1,"minecraft:flower_pot":5,"minecraft:clay_ball":1,"gravestone:obituary":9,"minecraft:brewing_stand":1,"minecraft:string":7,"minecraft:moss_carpet":14,"minecraft:item_frame":8,"minecraft:blackstone":20,"minecraft:sea_pickle":9,"minecraft:candle":42,"minecraft:cobbled_deepslate":59,"comforts:sleeping_bag_white":3,"minecraft:beef":30,"minecraft:oak_boat":4,"minecraft:azalea":5,"minecraft:poppy":1,"minecraft:light_gray_wool":1,"minecraft:sugar_cane":21,"minecraft:chest":2,"minecraft:furnace":2,"minecraft:egg":1,"minecraft:stick":12,"minecraft:raw_iron":269,"minecraft:sandstone":45,"minecraft:torch":31,"minecraft:acacia_log":21,"sophisticatedbackpacks:backpack":1,"minecraft:porkchop":26,"minecraft:redstone":39,"minecraft:orange_bed":4,"minecraft:arrow":6,"minecraft:cactus":1,"minecraft:rotten_flesh":46,"minecraft:hay_block":29,"minecraft:gold_ingot":2,"minecraft:obsidian":1,"minecraft:mutton":22,"minecraft:white_wool":54,"minecraft:cobblestone":161,"minecraft:oxeye_daisy":2,"minecraft:purple_dye":3,"minecraft:leather":15,"minecraft:smoker":2,"minecraft:filled_map":1,"minecraft:tuff":2,"minecraft:oak_log":119,"minecraft:lapis_lazuli":75,"minecraft:dirt":27,"minecraft:lantern":12,"minecraft:orange_terracotta":1,"minecraft:bone":8,"minecraft:acacia_planks":22,"minecraft:apple":1,"minecraft:wheat_seeds":8,"minecraft:green_candle":12,"minecraft:raw_gold":4,"minecraft:stone_pickaxe":1,"minecraft:oak_planks":70,"minecraft:acacia_sapling":7,"minecraft:book":66,"minecraft:smooth_basalt":6,"minecraft:oak_pressure_plate":1,"minecraft:gravel":9,"minecraft:sand":36,"minecraft:white_bed":1,"minecraft:orange_candle":6,"minecraft:spider_eye":1,"minecraft:brick_slab":1,"minecraft:quartz_bricks":7,"minecraft:diamond":12,"minecraft:granite":68,"minecraft:gray_wool":1,"minecraft:emerald":1,"minecraft:rooted_dirt":2,"minecraft:oak_sapling":1,"minecraft:light_blue_candle":2,"minecraft:coal":155},"minecraft:dropped":{"minecraft:wheat_seeds":7,"minecraft:lapis_lazuli":5,"minecraft:oak_pressure_plate":1,"minecraft:oak_log":1,"minecraft:crafting_table":1,"minecraft:cobblestone":5,"minecraft:rooted_dirt":2,"minecraft:apple":2,"minecraft:granite":40,"minecraft:purple_dye":4,"minecraft:coal":1,"minecraft:stick":6,"minecraft:oxeye_daisy":2,"gravestone:obituary":11,"minecraft:cactus":1,"minecraft:string":2,"minecraft:white_wool":48,"minecraft:acacia_planks":16,"minecraft:redstone":39,"minecraft:gold_ingot":1,"minecraft:smooth_basalt":5,"minecraft:gravel":6,"minecraft:stone_axe":1,"minecraft:moss_carpet":14,"minecraft:blackstone":13,"hangglider:hang_glider":1,"minecraft:iron_nugget":6,"minecraft:stone_sword":1,"hangglider:glider_wing":1,"minecraft:wheat":12,"minecraft:raw_iron":60,"minecraft:rotten_flesh":46,"minecraft:light_gray_wool":1,"minecraft:clay_ball":1,"minecraft:oak_planks":20,"minecraft:quartz_bricks":7,"minecraft:filled_map":1,"minecraft:orange_terracotta":1,"minecraft:charcoal":4,"minecraft:azalea":4,"minecraft:oak_sapling":1,"minecraft:acacia_sapling":7,"minecraft:spider_eye":1,"minecraft:sandstone":8,"minecraft:stone_pickaxe":1,"minecraft:wooden_pickaxe":2,"minecraft:brick_slab":1},"minecraft:custom":{"minecraft:mob_kills":83,"minecraft:interact_with_crafting_table":64,"minecraft:open_barrel":5,"minecraft:damage_dealt_resisted":40,"minecraft:leave_game":7,"minecraft:time_since_death":94840,"minecraft:climb_one_cm":11389,"minecraft:sprint_one_cm":701697,"minecraft:walk_one_cm":393786,"minecraft:drop":102,"minecraft:damage_dealt_absorbed":39,"minecraft:talked_to_villager":11,"minecraft:play_time":246206,"minecraft:deaths":8,"minecraft:sneak_time":2552,"minecraft:walk_under_water_one_cm":33346,"minecraft:boat_one_cm":323235,"minecraft:jump":4929,"minecraft:walk_on_water_one_cm":25714,"minecraft:total_world_time":246206,"minecraft:interact_with_furnace":56,"minecraft:traded_with_villager":17,"minecraft:interact_with_loom":1,"minecraft:sleep_in_bed":10,"minecraft:time_since_rest":13294,"minecraft:damage_taken":6596,"minecraft:damage_dealt":12428,"minecraft:swim_one_cm":98595,"minecraft:fly_one_cm":1045413,"minecraft:open_chest":81,"minecraft:crouch_one_cm":4437,"minecraft:interact_with_smoker":22,"minecraft:fall_one_cm":191885},"minecraft:crafted":{"hangglider:glider_framework":2,"minecraft:oak_planks":322,"minecraft:iron_nugget":9,"comforts:sleeping_bag_white":1,"hangglider:hang_glider":2,"minecraft:cooked_chicken":1,"minecraft:furnace":2,"hangglider:glider_wing":5,"minecraft:cooked_mutton":22,"minecraft:iron_boots":1,"minecraft:iron_axe":2,"minecraft:stone_pickaxe":1,"minecraft:chest":3,"minecraft:wheat":81,"minecraft:cooked_beef":24,"minecraft:red_dye":1,"minecraft:emerald":17,"sophisticatedbackpacks:backpack":2,"minecraft:cooked_porkchop":26,"minecraft:crafting_table":5,"minecraft:wooden_pickaxe":4,"minecraft:iron_helmet":2,"minecraft:bucket":1,"minecraft:stone_axe":1,"minecraft:bread":25,"simplyswords:iron_greathammer":1,"minecraft:air":0,"minecraft:blue_dye":1,"minecraft:oak_boat":1,"minecraft:iron_chestplate":2,"minecraft:purple_dye":2,"minecraft:diamond_pickaxe":1,"minecraft:stick":626,"minecraft:iron_ingot":77,"minecraft:iron_pickaxe":2,"minecraft:wooden_axe":1,"minecraft:stone_sword":1,"minecraft:iron_leggings":2,"minecraft:white_bed":1,"minecraft:acacia_planks":84,"minecraft:torch":152},"minecraft:killed":{"minecraft:spider":5,"minecraft:skeleton":8,"minecraft:chicken":1,"minecraft:pig":11,"minecraft:sheep":17,"minecraft:zombie":23,"minecraft:cow":17},"minecraft:mined":{"minecraft:tuff":2,"minecraft:white_bed":1,"minecraft:deepslate_diamond_ore":12,"minecraft:candle":14,"minecraft:potted_cactus":1,"minecraft:brewing_stand":1,"minecraft:obsidian":1,"gravestone:gravestone":7,"minecraft:granite":54,"minecraft:acacia_log":21,"minecraft:grass_block":3,"minecraft:yellow_candle":1,"minecraft:potted_azalea_bush":2,"minecraft:orange_candle":3,"minecraft:oak_pressure_plate":1,"minecraft:sandstone":35,"comforts:sleeping_bag_white":1,"minecraft:hay_block":30,"minecraft:tall_seagrass":1,"minecraft:redstone_ore":8,"minecraft:furnace":2,"minecraft:iron_ore":129,"minecraft:fire":1,"minecraft:cobbled_deepslate":3,"minecraft:moss_carpet":1,"minecraft:deepslate_lapis_ore":4,"minecraft:bookshelf":22,"minecraft:deepslate_iron_ore":76,"minecraft:lantern":10,"minecraft:stripped_oak_log":2,"minecraft:green_candle":6,"minecraft:azalea":1,"minecraft:stone":154,"sophisticatedbackpacks:backpack":1,"minecraft:orange_bed":4,"minecraft:acacia_leaves":12,"minecraft:blackstone":20,"minecraft:medium_amethyst_bud":1,"minecraft:smoker":2,"minecraft:orange_terracotta":1,"minecraft:oak_fence":1,"minecraft:crafting_table":11,"minecraft:torch":6,"minecraft:cyan_stained_glass_pane":2,"minecraft:poppy":2,"minecraft:chest":2,"minecraft:white_stained_glass_pane":1,"minecraft:dead_bush":1,"minecraft:campfire":1,"minecraft:potted_oxeye_daisy":1,"minecraft:copper_ore":1,"minecraft:tall_grass":5,"minecraft:cobblestone":4,"minecraft:quartz_bricks":8,"minecraft:lapis_ore":6,"minecraft:oak_planks":2,"minecraft:sugar_cane":7,"minecraft:wall_torch":22,"minecraft:brick_slab":1,"minecraft:sea_pickle":4,"minecraft:grass":26,"minecraft:oak_log":88,"minecraft:coal_ore":123,"minecraft:light_blue_candle":1,"minecraft:gravel":3,"minecraft:dirt":8,"minecraft:sand":35,"minecraft:flower_pot":1,"minecraft:smooth_basalt":4,"minecraft:gold_ore":4,"minecraft:deepslate":39,"minecraft:oak_leaves":13,"minecraft:cyan_candle":1,"minecraft:fern":1},"minecraft:used":{"minecraft:azalea":1,"minecraft:stone_sword":127,"minecraft:chest":2,"minecraft:orange_bed":3,"minecraft:torch":151,"minecraft:dirt":26,"minecraft:carrot":3,"minecraft:tuff":2,"minecraft:granite":28,"minecraft:wooden_axe":41,"minecraft:iron_axe":227,"minecraft:furnace":4,"minecraft:cooked_beef":7,"minecraft:egg":1,"comforts:sleeping_bag_white":3,"minecraft:cobbled_deepslate":44,"minecraft:acacia_planks":3,"minecraft:cooked_mutton":22,"minecraft:water_bucket":2,"minecraft:stone_pickaxe":132,"minecraft:blackstone":7,"minecraft:wooden_pickaxe":128,"minecraft:sandstone":31,"minecraft:glow_berries":2,"minecraft:sand":36,"minecraft:crafting_table":13,"simplyswords:diamond_claymore":5,"minecraft:white_bed":2,"minecraft:smoker":1,"simplyswords:iron_greathammer":18,"sophisticatedbackpacks:backpack":1,"minecraft:diamond_pickaxe":16,"minecraft:apple":1,"minecraft:iron_pickaxe":475,"minecraft:bread":17,"minecraft:stone_axe":3,"minecraft:green_candle":3,"minecraft:cobblestone":107,"minecraft:cooked_porkchop":26,"minecraft:bucket":3,"minecraft:oak_boat":4},"minecraft:broken":{"minecraft:wooden_pickaxe":1,"minecraft:stone_pickaxe":1,"minecraft:iron_axe":1,"minecraft:iron_pickaxe":1,"minecraft:wooden_axe":1}},"DataVersion":3465}