{"stats":{"minecraft:killed_by":{"minecraft:husk":1,"minecraft:skeleton":1,"minecraft:spider":1},"minecraft:picked_up":{"minecraft:charcoal":2,"minecraft:crafting_table":7,"minecraft:chicken":1,"minecraft:flower_pot":1,"minecraft:leather":12,"minecraft:smoker":1,"minecraft:filled_map":1,"minecraft:oak_log":7,"minecraft:string":4,"minecraft:lapis_lazuli":29,"minecraft:dirt":7,"minecraft:bone":6,"minecraft:blackstone":13,"minecraft:acacia_planks":6,"minecraft:apple":1,"minecraft:sea_pickle":6,"minecraft:cobbled_deepslate":30,"minecraft:wheat_seeds":4,"minecraft:green_candle":12,"minecraft:candle":3,"comforts:sleeping_bag_white":3,"minecraft:beef":24,"minecraft:azalea":1,"minecraft:light_gray_wool":1,"minecraft:sandstone":3,"minecraft:egg":1,"minecraft:furnace":2,"minecraft:stick":2,"minecraft:raw_iron":77,"minecraft:smooth_basalt":4,"minecraft:sand":16,"minecraft:torch":9,"minecraft:acacia_log":7,"minecraft:porkchop":26,"minecraft:white_bed":1,"minecraft:redstone":3,"minecraft:arrow":4,"minecraft:cactus":1,"minecraft:rotten_flesh":21,"minecraft:diamond":11,"minecraft:hay_block":4,"minecraft:gray_wool":1,"minecraft:oak_sapling":1,"minecraft:mutton":22,"minecraft:coal":116,"minecraft:white_wool":14,"minecraft:cobblestone":38},"minecraft:dropped":{"minecraft:blackstone":7,"minecraft:wheat_seeds":3,"minecraft:stone_sword":1,"minecraft:rotten_flesh":12,"minecraft:light_gray_wool":1,"minecraft:filled_map":1,"minecraft:oak_sapling":1,"gravestone:obituary":1,"minecraft:smooth_basalt":4,"minecraft:redstone":3},"minecraft:custom":{"minecraft:interact_with_furnace":38,"minecraft:mob_kills":68,"minecraft:interact_with_crafting_table":22,"minecraft:leave_game":4,"minecraft:time_since_death":1897,"minecraft:sleep_in_bed":5,"minecraft:climb_one_cm":2844,"minecraft:time_since_rest":634,"minecraft:sprint_one_cm":268391,"minecraft:damage_taken":2743,"minecraft:walk_one_cm":149788,"minecraft:drop":15,"minecraft:damage_dealt":9396,"minecraft:damage_dealt_absorbed":39,"minecraft:swim_one_cm":8333,"minecraft:talked_to_villager":6,"minecraft:fly_one_cm":495002,"minecraft:open_chest":26,"minecraft:crouch_one_cm":3282,"minecraft:play_time":90158,"minecraft:deaths":3,"minecraft:sneak_time":1320,"minecraft:walk_under_water_one_cm":3159,"minecraft:jump":2302,"minecraft:walk_on_water_one_cm":4237,"minecraft:total_world_time":90158,"minecraft:interact_with_smoker":15,"minecraft:fall_one_cm":88388},"minecraft:crafted":{"minecraft:cooked_beef":24,"minecraft:oak_planks":28,"minecraft:cooked_porkchop":26,"minecraft:crafting_table":2,"comforts:sleeping_bag_white":1,"minecraft:wooden_pickaxe":2,"minecraft:cooked_chicken":1,"minecraft:furnace":2,"minecraft:stone_axe":1,"minecraft:cooked_mutton":22,"minecraft:air":0,"minecraft:iron_chestplate":1,"minecraft:iron_axe":1,"minecraft:stick":20,"minecraft:iron_ingot":17,"minecraft:iron_pickaxe":1,"minecraft:stone_pickaxe":1,"minecraft:wooden_axe":1,"minecraft:stone_sword":1,"minecraft:chest":1,"minecraft:white_bed":1,"minecraft:acacia_planks":28,"minecraft:torch":16},"minecraft:killed":{"minecraft:pig":10,"minecraft:spider":3,"minecraft:skeleton":6,"minecraft:sheep":17,"minecraft:zombie":17,"minecraft:chicken":1,"minecraft:cow":14},"minecraft:mined":{"minecraft:white_bed":1,"minecraft:blackstone":13,"minecraft:deepslate_diamond_ore":11,"minecraft:candle":1,"minecraft:smoker":1,"minecraft:potted_cactus":1,"minecraft:crafting_table":7,"minecraft:torch":3,"gravestone:gravestone":1,"minecraft:acacia_log":7,"minecraft:grass_block":3,"minecraft:poppy":1,"minecraft:tall_grass":5,"minecraft:sandstone":3,"minecraft:wall_torch":6,"comforts:sleeping_bag_white":1,"minecraft:hay_block":4,"minecraft:furnace":2,"minecraft:fire":1,"minecraft:sea_pickle":2,"minecraft:iron_ore":17,"minecraft:cobbled_deepslate":3,"minecraft:deepslate_lapis_ore":4,"minecraft:grass":16,"minecraft:oak_log":7,"minecraft:coal_ore":85,"minecraft:deepslate_iron_ore":57,"minecraft:sand":19,"minecraft:dirt":4,"minecraft:green_candle":6,"minecraft:smooth_basalt":4,"minecraft:azalea":1,"minecraft:stone":38,"minecraft:deepslate":22},"minecraft:used":{"minecraft:azalea":1,"minecraft:cooked_mutton":8,"minecraft:stone_sword":127,"minecraft:stone_pickaxe":132,"minecraft:blackstone":6,"minecraft:chest":1,"minecraft:wooden_pickaxe":24,"minecraft:sandstone":3,"minecraft:sand":10,"minecraft:torch":9,"minecraft:dirt":6,"minecraft:crafting_table":7,"minecraft:white_bed":2,"minecraft:smoker":1,"minecraft:wooden_axe":41,"minecraft:iron_axe":63,"minecraft:bread":7,"minecraft:iron_pickaxe":113,"minecraft:stone_axe":3,"minecraft:green_candle":3,"minecraft:cobblestone":15,"minecraft:furnace":3,"minecraft:cooked_porkchop":15,"comforts:sleeping_bag_white":3,"minecraft:egg":1,"minecraft:cooked_beef":2,"minecraft:acacia_planks":3,"minecraft:cobbled_deepslate":29},"minecraft:broken":{"minecraft:stone_pickaxe":1,"minecraft:wooden_axe":1}},"DataVersion":3465}