{"stats":{"minecraft:killed_by":{"minecraft:creeper":1,"minecraft:zombie":1,"minecraft:husk":1,"minecraft:spider":1,"minecraft:skeleton":1},"minecraft:picked_up":{"minecraft:wheat":6,"minecraft:flower_pot":35,"minecraft:lead":1,"minecraft:enchanted_book":1,"minecraft:brewing_stand":3,"minecraft:string":17,"minecraft:iron_leggings":1,"minecraft:sea_pickle":18,"minecraft:cobbled_deepslate":59,"comforts:sleeping_bag_white":8,"minecraft:eye_armor_trim_smithing_template":1,"minecraft:azalea":5,"minecraft:furnace":5,"minecraft:stick":21,"minecraft:torch":38,"minecraft:acacia_log":21,"minecraft:sandstone_wall":1,"minecraft:porkchop":26,"minecraft:orange_bed":6,"minecraft:cactus":1,"minecraft:rotten_flesh":51,"minecraft:bookshelf":3,"minecraft:obsidian":2,"minecraft:cobblestone":250,"minecraft:cooked_beef":17,"minecraft:smoker":3,"minecraft:potato":11,"minecraft:tuff":2,"minecraft:dirt":511,"minecraft:lapis_lazuli":139,"minecraft:lantern":24,"minecraft:name_tag":2,"minecraft:bone":17,"minecraft:acacia_planks":22,"minecraft:bow":1,"minecraft:wheat_seeds":26,"minecraft:green_candle":21,"minecraft:raw_gold":8,"minecraft:oak_planks":70,"minecraft:oak_pressure_plate":1,"minecraft:sand":152,"minecraft:quartz_bricks":7,"simplyswords:diamond_claymore":1,"minecraft:diamond":21,"minecraft:granite":68,"minecraft:emerald":27,"minecraft:rooted_dirt":2,"minecraft:oak_sapling":3,"minecraft:light_blue_candle":4,"minecraft:diamond_pickaxe":1,"minecraft:charcoal":4,"minecraft:crafting_table":12,"minecraft:sandstone_slab":9,"minecraft:chicken":1,"minecraft:clay_ball":1,"gravestone:obituary":9,"minecraft:moss_carpet":14,"minecraft:item_frame":16,"minecraft:blackstone":20,"minecraft:candle":84,"minecraft:beef":30,"minecraft:oak_boat":4,"minecraft:poppy":1,"minecraft:light_gray_wool":1,"minecraft:chest":6,"minecraft:sugar_cane":134,"minecraft:egg":1,"minecraft:raw_iron":333,"minecraft:sandstone":299,"sophisticatedbackpacks:backpack":1,"minecraft:carrot":116,"minecraft:redstone":39,"minecraft:arrow":35,"minecraft:hay_block":29,"minecraft:sandstone_stairs":12,"minecraft:gold_ingot":4,"minecraft:mutton":22,"minecraft:white_wool":54,"minecraft:oxeye_daisy":2,"minecraft:purple_dye":3,"minecraft:cut_sandstone":59,"minecraft:leather":15,"minecraft:filled_map":1,"minecraft:oak_log":125,"minecraft:orange_terracotta":1,"minecraft:smooth_sandstone":1,"minecraft:apple":38,"minecraft:iron_ingot":68,"minecraft:stone_pickaxe":1,"minecraft:cobweb":6,"minecraft:acacia_sapling":7,"minecraft:book":157,"minecraft:tropical_fish_bucket":2,"minecraft:smooth_basalt":6,"minecraft:gravel":9,"minecraft:blast_furnace":1,"minecraft:white_bed":1,"minecraft:orange_candle":12,"minecraft:spider_eye":2,"minecraft:brick_slab":1,"minecraft:iron_helmet":1,"minecraft:painting":11,"minecraft:gray_wool":1,"minecraft:coal":256,"minecraft:ender_pearl":1,"minecraft:sunflower":15},"minecraft:custom":{"minecraft:interact_with_crafting_table":101,"minecraft:open_barrel":5,"minecraft:leave_game":8,"minecraft:time_since_death":210949,"minecraft:sprint_one_cm":936449,"minecraft:drop":109,"minecraft:talked_to_villager":11,"minecraft:play_time":362315,"minecraft:deaths":8,"minecraft:jump":6742,"minecraft:walk_on_water_one_cm":37955,"minecraft:interact_with_furnace":71,"minecraft:traded_with_villager":17,"minecraft:interact_with_loom":1,"minecraft:sleep_in_bed":18,"minecraft:damage_dealt":14968,"minecraft:crouch_one_cm":5773,"minecraft:interact_with_smoker":32,"minecraft:mob_kills":95,"minecraft:damage_dealt_resisted":40,"minecraft:climb_one_cm":11389,"minecraft:walk_one_cm":772814,"minecraft:damage_dealt_absorbed":39,"minecraft:sneak_time":3009,"minecraft:walk_under_water_one_cm":35149,"minecraft:boat_one_cm":323235,"minecraft:interact_with_blast_furnace":20,"minecraft:total_world_time":362315,"minecraft:time_since_rest":4330,"minecraft:damage_taken":7064,"minecraft:swim_one_cm":109057,"minecraft:fly_one_cm":1374943,"minecraft:open_chest":174,"minecraft:fall_one_cm":221252},"minecraft:dropped":{"minecraft:lapis_lazuli":5,"minecraft:oak_pressure_plate":1,"minecraft:oak_log":1,"minecraft:crafting_table":1,"minecraft:rooted_dirt":2,"minecraft:leather":1,"gravestone:obituary":11,"minecraft:white_wool":48,"minecraft:gold_ingot":1,"minecraft:gravel":6,"minecraft:stone_axe":1,"minecraft:blackstone":13,"hangglider:hang_glider":1,"minecraft:iron_nugget":7,"hangglider:glider_wing":1,"minecraft:wheat":12,"minecraft:rotten_flesh":46,"minecraft:oak_planks":20,"minecraft:quartz_bricks":7,"minecraft:charcoal":4,"minecraft:azalea":4,"minecraft:acacia_sapling":7,"minecraft:wheat_seeds":9,"minecraft:cobblestone":5,"minecraft:apple":2,"minecraft:granite":40,"minecraft:purple_dye":4,"minecraft:coal":1,"minecraft:stick":13,"minecraft:oxeye_daisy":2,"minecraft:brewing_stand":1,"minecraft:cactus":1,"minecraft:string":2,"minecraft:acacia_planks":16,"minecraft:smooth_basalt":5,"minecraft:redstone":39,"minecraft:moss_carpet":14,"minecraft:stone_sword":1,"minecraft:raw_iron":60,"minecraft:light_gray_wool":1,"minecraft:clay_ball":1,"minecraft:filled_map":1,"minecraft:potato":5,"minecraft:orange_terracotta":1,"minecraft:oak_sapling":1,"minecraft:spider_eye":1,"minecraft:sandstone":8,"minecraft:stone_pickaxe":1,"minecraft:wooden_pickaxe":2,"minecraft:brick_slab":1},"minecraft:crafted":{"minecraft:oak_planks":374,"minecraft:smooth_stone":3,"minecraft:cut_sandstone":168,"hangglider:hang_glider":2,"minecraft:cooked_chicken":1,"minecraft:stone":3,"minecraft:cooked_mutton":22,"minecraft:iron_boots":1,"minecraft:chest":8,"sophisticatedbackpacks:backpack":2,"minecraft:emerald":17,"minecraft:cooked_porkchop":26,"minecraft:crafting_table":6,"minecraft:wooden_pickaxe":4,"minecraft:iron_helmet":2,"minecraft:iron_chestplate":2,"minecraft:diamond_pickaxe":1,"minecraft:purple_dye":2,"minecraft:stick":634,"minecraft:iron_ingot":140,"minecraft:iron_pickaxe":3,"minecraft:stone_sword":1,"minecraft:sandstone":6,"minecraft:sandstone_stairs":16,"hangglider:glider_framework":2,"minecraft:iron_nugget":10,"comforts:sleeping_bag_white":1,"minecraft:furnace":4,"minecraft:blast_furnace":1,"minecraft:bone_meal":24,"hangglider:glider_wing":5,"minecraft:iron_axe":2,"minecraft:iron_hoe":1,"minecraft:stone_pickaxe":1,"minecraft:wheat":81,"minecraft:cooked_beef":30,"minecraft:red_dye":1,"minecraft:smooth_sandstone":1,"minecraft:sandstone_slab":12,"minecraft:bucket":1,"minecraft:stone_axe":1,"minecraft:bread":25,"simplyswords:iron_greathammer":1,"minecraft:air":0,"minecraft:blue_dye":1,"minecraft:oak_boat":1,"minecraft:sandstone_wall":12,"minecraft:wooden_axe":1,"minecraft:iron_shovel":3,"minecraft:iron_leggings":2,"minecraft:white_bed":1,"minecraft:acacia_planks":84,"minecraft:torch":152},"minecraft:killed":{"minecraft:spider":9,"minecraft:skeleton":9,"minecraft:chicken":1,"minecraft:pig":11,"minecraft:zombie_villager":1,"minecraft:sheep":17,"minecraft:pillager":1,"minecraft:zombie":27,"minecraft:cow":17,"minecraft:enderman":1},"minecraft:mined":{"minecraft:white_bed":1,"minecraft:potted_cactus":1,"minecraft:brewing_stand":1,"minecraft:obsidian":1,"minecraft:granite":54,"minecraft:acacia_log":21,"minecraft:grass_block":375,"minecraft:orange_candle":3,"minecraft:oak_pressure_plate":1,"minecraft:sandstone_stairs":12,"comforts:sleeping_bag_white":1,"minecraft:tall_seagrass":1,"minecraft:iron_ore":129,"minecraft:cobbled_deepslate":3,"minecraft:fire":1,"minecraft:moss_carpet":1,"minecraft:deepslate_lapis_ore":4,"minecraft:azalea":1,"minecraft:orange_bed":6,"minecraft:sandstone_slab":9,"minecraft:cut_sandstone":59,"minecraft:blackstone":20,"minecraft:smoker":3,"minecraft:medium_amethyst_bud":1,"minecraft:orange_terracotta":1,"minecraft:torch":12,"minecraft:blast_furnace":1,"minecraft:poppy":2,"minecraft:chest":6,"minecraft:white_stained_glass_pane":1,"minecraft:dead_bush":1,"minecraft:cobblestone":4,"minecraft:sugar_cane":93,"minecraft:oak_planks":2,"minecraft:wall_torch":22,"minecraft:grass":87,"minecraft:oak_log":94,"minecraft:sand":154,"minecraft:dirt":130,"minecraft:sandstone_wall":1,"minecraft:smooth_basalt":4,"minecraft:oak_leaves":45,"minecraft:cyan_candle":1,"minecraft:deepslate":39,"minecraft:tuff":2,"minecraft:deepslate_diamond_ore":12,"minecraft:candle":14,"gravestone:gravestone":7,"minecraft:yellow_candle":1,"minecraft:potted_azalea_bush":2,"minecraft:sandstone":293,"minecraft:hay_block":30,"minecraft:redstone_ore":8,"minecraft:furnace":5,"minecraft:carrots":30,"minecraft:bookshelf":22,"minecraft:deepslate_iron_ore":76,"minecraft:lantern":10,"minecraft:stripped_oak_log":2,"minecraft:green_candle":6,"minecraft:stone":244,"sophisticatedbackpacks:backpack":1,"minecraft:acacia_leaves":12,"minecraft:oak_fence":1,"minecraft:smooth_sandstone":1,"minecraft:crafting_table":12,"minecraft:cyan_stained_glass_pane":2,"minecraft:campfire":1,"minecraft:potted_oxeye_daisy":1,"minecraft:tall_grass":25,"minecraft:copper_ore":1,"minecraft:quartz_bricks":8,"minecraft:lapis_ore":6,"minecraft:brick_slab":1,"minecraft:sea_pickle":4,"minecraft:coal_ore":123,"minecraft:light_blue_candle":1,"minecraft:flower_pot":1,"minecraft:sunflower":11,"minecraft:gravel":3,"minecraft:gold_ore":4,"minecraft:fern":1},"minecraft:used":{"minecraft:iron_shovel":593,"minecraft:chest":13,"minecraft:carrot":71,"minecraft:tuff":2,"minecraft:furnace":8,"minecraft:oak_sapling":2,"minecraft:egg":1,"minecraft:potato":6,"minecraft:stone_pickaxe":132,"minecraft:blackstone":7,"minecraft:wooden_pickaxe":128,"minecraft:sandstone":80,"minecraft:sugar_cane":80,"minecraft:glow_berries":2,"minecraft:sand":114,"simplyswords:diamond_claymore":5,"minecraft:blast_furnace":2,"simplyswords:iron_greathammer":70,"sophisticatedbackpacks:backpack":1,"minecraft:bread":40,"minecraft:green_candle":3,"minecraft:oak_boat":4,"minecraft:tropical_fish_bucket":2,"minecraft:bone_meal":24,"minecraft:azalea":1,"minecraft:stone_sword":127,"minecraft:sandstone_wall":13,"minecraft:orange_bed":6,"minecraft:torch":187,"minecraft:dirt":231,"minecraft:granite":28,"minecraft:iron_hoe":48,"minecraft:wooden_axe":41,"minecraft:iron_axe":239,"minecraft:smooth_sandstone":1,"comforts:sleeping_bag_white":8,"minecraft:cooked_beef":7,"minecraft:acacia_planks":3,"minecraft:cobbled_deepslate":44,"minecraft:cooked_mutton":22,"minecraft:water_bucket":68,"minecraft:sandstone_stairs":22,"minecraft:cut_sandstone":227,"minecraft:crafting_table":16,"minecraft:white_bed":2,"minecraft:smoker":3,"minecraft:diamond_pickaxe":18,"minecraft:apple":1,"minecraft:iron_pickaxe":911,"minecraft:stone_axe":3,"minecraft:cobblestone":115,"minecraft:cooked_porkchop":26,"minecraft:sandstone_slab":14,"minecraft:bucket":70},"minecraft:broken":{"minecraft:iron_shovel":2,"minecraft:stone_pickaxe":1,"minecraft:wooden_axe":1,"minecraft:wooden_pickaxe":1,"minecraft:iron_axe":1,"minecraft:iron_pickaxe":2}},"DataVersion":3465}