{"stats":{"minecraft:killed_by":{"minecraft:husk":1,"minecraft:creeper":1,"minecraft:spider":1,"minecraft:skeleton":1,"minecraft:zombie":1},"minecraft:picked_up":{"minecraft:charcoal":2,"minecraft:crafting_table":10,"minecraft:wheat":6,"minecraft:chicken":1,"minecraft:flower_pot":5,"minecraft:clay_ball":1,"gravestone:obituary":9,"minecraft:brewing_stand":1,"minecraft:string":6,"minecraft:item_frame":8,"minecraft:blackstone":20,"minecraft:sea_pickle":9,"minecraft:cobbled_deepslate":59,"minecraft:candle":3,"comforts:sleeping_bag_white":3,"minecraft:beef":30,"minecraft:oak_boat":4,"minecraft:azalea":3,"minecraft:poppy":1,"minecraft:light_gray_wool":1,"minecraft:chest":2,"minecraft:sugar_cane":13,"minecraft:furnace":2,"minecraft:egg":1,"minecraft:stick":6,"minecraft:raw_iron":269,"minecraft:sandstone":45,"minecraft:torch":31,"minecraft:acacia_log":21,"sophisticatedbackpacks:backpack":1,"minecraft:porkchop":26,"minecraft:redstone":39,"minecraft:orange_bed":1,"minecraft:arrow":6,"minecraft:cactus":1,"minecraft:rotten_flesh":45,"minecraft:hay_block":19,"minecraft:gold_ingot":2,"minecraft:obsidian":1,"minecraft:mutton":22,"minecraft:white_wool":38,"minecraft:cobblestone":160,"minecraft:oxeye_daisy":1,"minecraft:purple_dye":3,"minecraft:leather":15,"minecraft:smoker":2,"minecraft:filled_map":1,"minecraft:tuff":2,"minecraft:oak_log":16,"minecraft:lapis_lazuli":75,"minecraft:dirt":27,"minecraft:lantern":10,"minecraft:orange_terracotta":1,"minecraft:bone":8,"minecraft:acacia_planks":6,"minecraft:apple":1,"minecraft:wheat_seeds":7,"minecraft:green_candle":12,"minecraft:raw_gold":4,"minecraft:stone_pickaxe":1,"minecraft:acacia_sapling":7,"minecraft:oak_planks":2,"minecraft:book":66,"minecraft:smooth_basalt":6,"minecraft:oak_pressure_plate":1,"minecraft:gravel":9,"minecraft:sand":36,"minecraft:white_bed":1,"minecraft:brick_slab":1,"minecraft:quartz_bricks":7,"minecraft:diamond":12,"minecraft:granite":68,"minecraft:gray_wool":1,"minecraft:emerald":1,"minecraft:rooted_dirt":2,"minecraft:oak_sapling":1,"minecraft:coal":155},"minecraft:dropped":{"minecraft:wheat_seeds":6,"minecraft:lapis_lazuli":5,"minecraft:oak_pressure_plate":1,"minecraft:cobblestone":5,"minecraft:rooted_dirt":2,"minecraft:apple":2,"minecraft:granite":40,"minecraft:purple_dye":4,"minecraft:coal":1,"minecraft:stick":3,"gravestone:obituary":11,"minecraft:cactus":1,"minecraft:string":2,"minecraft:white_wool":24,"minecraft:redstone":39,"minecraft:gold_ingot":1,"minecraft:smooth_basalt":5,"minecraft:gravel":6,"minecraft:stone_axe":1,"minecraft:blackstone":13,"minecraft:iron_nugget":6,"minecraft:stone_sword":1,"minecraft:wheat":12,"minecraft:raw_iron":60,"minecraft:rotten_flesh":45,"minecraft:light_gray_wool":1,"minecraft:quartz_bricks":7,"minecraft:filled_map":1,"minecraft:orange_terracotta":1,"minecraft:acacia_sapling":7,"minecraft:oak_sapling":1,"minecraft:sandstone":8,"minecraft:stone_pickaxe":1,"minecraft:wooden_pickaxe":2,"minecraft:brick_slab":1},"minecraft:custom":{"minecraft:mob_kills":80,"minecraft:interact_with_crafting_table":50,"minecraft:open_barrel":5,"minecraft:damage_dealt_resisted":40,"minecraft:leave_game":6,"minecraft:time_since_death":47405,"minecraft:climb_one_cm":11389,"minecraft:sprint_one_cm":566295,"minecraft:walk_one_cm":324375,"minecraft:drop":77,"minecraft:damage_dealt_absorbed":39,"minecraft:talked_to_villager":6,"minecraft:play_time":198771,"minecraft:deaths":8,"minecraft:sneak_time":2466,"minecraft:walk_under_water_one_cm":33039,"minecraft:boat_one_cm":323235,"minecraft:jump":4036,"minecraft:walk_on_water_one_cm":13195,"minecraft:total_world_time":198771,"minecraft:interact_with_furnace":56,"minecraft:interact_with_loom":1,"minecraft:sleep_in_bed":7,"minecraft:time_since_rest":11216,"minecraft:damage_taken":6330,"minecraft:damage_dealt":11726,"minecraft:swim_one_cm":91039,"minecraft:fly_one_cm":806411,"minecraft:open_chest":77,"minecraft:crouch_one_cm":4309,"minecraft:interact_with_smoker":22,"minecraft:fall_one_cm":164055},"minecraft:crafted":{"minecraft:oak_planks":36,"minecraft:iron_nugget":9,"comforts:sleeping_bag_white":1,"minecraft:cooked_chicken":1,"minecraft:furnace":2,"minecraft:cooked_mutton":22,"minecraft:iron_boots":1,"minecraft:iron_axe":1,"minecraft:stone_pickaxe":1,"minecraft:chest":3,"minecraft:wheat":81,"minecraft:cooked_beef":24,"minecraft:red_dye":1,"sophisticatedbackpacks:backpack":2,"minecraft:cooked_porkchop":26,"minecraft:crafting_table":3,"minecraft:wooden_pickaxe":4,"minecraft:iron_helmet":2,"minecraft:bucket":1,"minecraft:stone_axe":1,"simplyswords:iron_greathammer":1,"minecraft:bread":25,"minecraft:air":0,"minecraft:blue_dye":1,"minecraft:oak_boat":1,"minecraft:iron_chestplate":2,"minecraft:purple_dye":2,"minecraft:diamond_pickaxe":1,"minecraft:stick":64,"minecraft:iron_ingot":77,"minecraft:iron_pickaxe":2,"minecraft:wooden_axe":1,"minecraft:stone_sword":1,"minecraft:iron_leggings":2,"minecraft:white_bed":1,"minecraft:acacia_planks":84,"minecraft:torch":152},"minecraft:killed":{"minecraft:spider":4,"minecraft:skeleton":8,"minecraft:chicken":1,"minecraft:pig":10,"minecraft:sheep":17,"minecraft:zombie":22,"minecraft:cow":17},"minecraft:mined":{"minecraft:tuff":2,"minecraft:white_bed":1,"minecraft:deepslate_diamond_ore":12,"minecraft:candle":1,"minecraft:potted_cactus":1,"minecraft:brewing_stand":1,"minecraft:obsidian":1,"gravestone:gravestone":7,"minecraft:granite":54,"minecraft:acacia_log":21,"minecraft:grass_block":3,"minecraft:potted_azalea_bush":2,"minecraft:oak_pressure_plate":1,"minecraft:sandstone":35,"comforts:sleeping_bag_white":1,"minecraft:hay_block":20,"minecraft:tall_seagrass":1,"minecraft:redstone_ore":8,"minecraft:furnace":2,"minecraft:iron_ore":129,"minecraft:cobbled_deepslate":3,"minecraft:fire":1,"minecraft:deepslate_lapis_ore":4,"minecraft:bookshelf":22,"minecraft:deepslate_iron_ore":76,"minecraft:lantern":8,"minecraft:green_candle":6,"minecraft:azalea":1,"minecraft:stone":154,"sophisticatedbackpacks:backpack":1,"minecraft:orange_bed":1,"minecraft:acacia_leaves":12,"minecraft:blackstone":20,"minecraft:medium_amethyst_bud":1,"minecraft:smoker":2,"minecraft:orange_terracotta":1,"minecraft:oak_fence":1,"minecraft:crafting_table":10,"minecraft:torch":6,"minecraft:cyan_stained_glass_pane":2,"minecraft:poppy":2,"minecraft:chest":2,"minecraft:white_stained_glass_pane":1,"minecraft:dead_bush":1,"minecraft:potted_oxeye_daisy":1,"minecraft:tall_grass":5,"minecraft:cobblestone":3,"minecraft:quartz_bricks":8,"minecraft:lapis_ore":6,"minecraft:sugar_cane":4,"minecraft:oak_planks":2,"minecraft:wall_torch":22,"minecraft:brick_slab":1,"minecraft:sea_pickle":4,"minecraft:grass":23,"minecraft:oak_log":16,"minecraft:coal_ore":123,"minecraft:flower_pot":1,"minecraft:gravel":3,"minecraft:sand":35,"minecraft:dirt":8,"minecraft:smooth_basalt":4,"minecraft:gold_ore":4,"minecraft:oak_leaves":13,"minecraft:deepslate":39,"minecraft:fern":1},"minecraft:used":{"minecraft:azalea":1,"minecraft:stone_sword":127,"minecraft:chest":2,"minecraft:torch":146,"minecraft:dirt":26,"minecraft:carrot":3,"minecraft:tuff":2,"minecraft:granite":28,"minecraft:wooden_axe":41,"minecraft:iron_axe":149,"minecraft:furnace":4,"minecraft:egg":1,"comforts:sleeping_bag_white":3,"minecraft:cooked_beef":7,"minecraft:cobbled_deepslate":44,"minecraft:acacia_planks":3,"minecraft:cooked_mutton":16,"minecraft:water_bucket":2,"minecraft:stone_pickaxe":132,"minecraft:blackstone":7,"minecraft:wooden_pickaxe":128,"minecraft:sandstone":31,"minecraft:glow_berries":2,"minecraft:sand":36,"minecraft:crafting_table":11,"simplyswords:diamond_claymore":5,"minecraft:white_bed":2,"minecraft:smoker":1,"sophisticatedbackpacks:backpack":1,"minecraft:diamond_pickaxe":16,"minecraft:apple":1,"minecraft:iron_pickaxe":452,"minecraft:bread":12,"minecraft:stone_axe":3,"minecraft:green_candle":3,"minecraft:cobblestone":64,"minecraft:cooked_porkchop":26,"minecraft:bucket":3,"minecraft:oak_boat":4},"minecraft:broken":{"minecraft:wooden_pickaxe":1,"minecraft:stone_pickaxe":1,"minecraft:iron_axe":1,"minecraft:iron_pickaxe":1,"minecraft:wooden_axe":1}},"DataVersion":3465}