{"stats":{"minecraft:killed_by":{"minecraft:spider":1},"minecraft:picked_up":{"minecraft:crafting_table":4,"minecraft:chicken":1,"minecraft:leather":12,"minecraft:oak_log":7,"minecraft:dirt":7,"minecraft:bone":2,"minecraft:apple":1,"minecraft:wheat_seeds":4,"minecraft:beef":24,"minecraft:azalea":1,"minecraft:light_gray_wool":1,"minecraft:furnace":1,"minecraft:stick":2,"minecraft:torch":3,"minecraft:porkchop":26,"minecraft:white_bed":1,"minecraft:rotten_flesh":10,"minecraft:gray_wool":1,"minecraft:oak_sapling":1,"minecraft:mutton":22,"minecraft:coal":79,"minecraft:white_wool":14,"minecraft:cobblestone":35},"minecraft:dropped":{"minecraft:wheat_seeds":3,"minecraft:rotten_flesh":8,"minecraft:light_gray_wool":1,"minecraft:oak_sapling":1},"minecraft:custom":{"minecraft:interact_with_furnace":15,"minecraft:mob_kills":50,"minecraft:interact_with_crafting_table":9,"minecraft:leave_game":3,"minecraft:time_since_death":10400,"minecraft:sleep_in_bed":1,"minecraft:time_since_rest":4892,"minecraft:sprint_one_cm":170441,"minecraft:damage_taken":1080,"minecraft:walk_one_cm":60445,"minecraft:drop":8,"minecraft:damage_dealt":5418,"minecraft:damage_dealt_absorbed":39,"minecraft:swim_one_cm":738,"minecraft:fly_one_cm":342314,"minecraft:crouch_one_cm":991,"minecraft:play_time":46436,"minecraft:deaths":1,"minecraft:sneak_time":382,"minecraft:walk_under_water_one_cm":868,"minecraft:jump":1391,"minecraft:walk_on_water_one_cm":1468,"minecraft:total_world_time":46436,"minecraft:fall_one_cm":52641},"minecraft:crafted":{"minecraft:oak_planks":28,"minecraft:cooked_porkchop":23,"minecraft:crafting_table":1,"minecraft:wooden_pickaxe":1,"minecraft:furnace":1,"minecraft:stone_axe":1,"minecraft:air":0,"minecraft:stick":12,"minecraft:stone_pickaxe":1,"minecraft:wooden_axe":1,"minecraft:stone_sword":1,"minecraft:white_bed":1,"minecraft:torch":16},"minecraft:killed":{"minecraft:pig":10,"minecraft:sheep":17,"minecraft:skeleton":1,"minecraft:zombie":7,"minecraft:chicken":1,"minecraft:cow":14},"minecraft:mined":{"minecraft:white_bed":1,"minecraft:crafting_table":4,"minecraft:torch":2,"gravestone:gravestone":1,"minecraft:grass_block":3,"minecraft:poppy":1,"minecraft:tall_grass":5,"minecraft:wall_torch":1,"minecraft:furnace":1,"minecraft:grass":15,"minecraft:oak_log":7,"minecraft:coal_ore":65,"minecraft:dirt":4,"minecraft:azalea":1,"minecraft:stone":35},"minecraft:used":{"minecraft:azalea":1,"minecraft:stone_sword":101,"minecraft:stone_pickaxe":87,"minecraft:wooden_pickaxe":15,"minecraft:torch":3,"minecraft:dirt":6,"minecraft:crafting_table":4,"minecraft:white_bed":1,"minecraft:wooden_axe":41,"minecraft:stone_axe":2,"minecraft:cobblestone":7,"minecraft:furnace":1,"minecraft:cooked_porkchop":13},"minecraft:broken":{"minecraft:wooden_axe":1}},"DataVersion":3465}