{"stats":{"minecraft:killed_by":{"minecraft:spider":1},"minecraft:picked_up":{"minecraft:charcoal":2,"minecraft:crafting_table":5,"minecraft:chicken":1,"minecraft:flower_pot":1,"minecraft:leather":12,"minecraft:smoker":1,"minecraft:filled_map":1,"minecraft:oak_log":7,"minecraft:dirt":7,"minecraft:bone":3,"minecraft:apple":1,"minecraft:sea_pickle":6,"minecraft:cobbled_deepslate":3,"minecraft:wheat_seeds":4,"minecraft:green_candle":12,"minecraft:candle":3,"minecraft:beef":24,"minecraft:azalea":1,"minecraft:light_gray_wool":1,"minecraft:egg":1,"minecraft:furnace":1,"minecraft:stick":2,"minecraft:raw_iron":17,"minecraft:torch":7,"minecraft:porkchop":26,"minecraft:white_bed":1,"minecraft:cactus":1,"minecraft:rotten_flesh":11,"minecraft:hay_block":4,"minecraft:gray_wool":1,"minecraft:oak_sapling":1,"minecraft:mutton":22,"minecraft:coal":99,"minecraft:white_wool":14,"minecraft:cobblestone":38},"minecraft:dropped":{"minecraft:wheat_seeds":3,"minecraft:rotten_flesh":8,"minecraft:light_gray_wool":1,"minecraft:filled_map":1,"minecraft:oak_sapling":1,"gravestone:obituary":1},"minecraft:custom":{"minecraft:interact_with_furnace":32,"minecraft:mob_kills":53,"minecraft:interact_with_crafting_table":15,"minecraft:leave_game":4,"minecraft:time_since_death":30122,"minecraft:sleep_in_bed":2,"minecraft:climb_one_cm":1376,"minecraft:time_since_rest":11485,"minecraft:sprint_one_cm":206149,"minecraft:damage_taken":1360,"minecraft:walk_one_cm":100840,"minecraft:drop":10,"minecraft:damage_dealt":5997,"minecraft:damage_dealt_absorbed":39,"minecraft:swim_one_cm":4431,"minecraft:talked_to_villager":6,"minecraft:fly_one_cm":393107,"minecraft:open_chest":21,"minecraft:crouch_one_cm":1188,"minecraft:play_time":66158,"minecraft:deaths":1,"minecraft:sneak_time":563,"minecraft:walk_under_water_one_cm":2581,"minecraft:jump":1696,"minecraft:walk_on_water_one_cm":3154,"minecraft:total_world_time":66158,"minecraft:interact_with_smoker":15,"minecraft:fall_one_cm":66810},"minecraft:crafted":{"minecraft:cooked_beef":24,"minecraft:oak_planks":28,"minecraft:cooked_porkchop":26,"minecraft:crafting_table":1,"comforts:sleeping_bag_white":1,"minecraft:wooden_pickaxe":1,"minecraft:cooked_chicken":1,"minecraft:furnace":2,"minecraft:stone_axe":1,"minecraft:cooked_mutton":22,"minecraft:air":0,"minecraft:stick":12,"minecraft:stone_pickaxe":1,"minecraft:wooden_axe":1,"minecraft:stone_sword":1,"minecraft:chest":1,"minecraft:white_bed":1,"minecraft:torch":16},"minecraft:killed":{"minecraft:pig":10,"minecraft:skeleton":2,"minecraft:sheep":17,"minecraft:zombie":9,"minecraft:chicken":1,"minecraft:cow":14},"minecraft:mined":{"minecraft:white_bed":1,"minecraft:candle":1,"minecraft:smoker":1,"minecraft:potted_cactus":1,"minecraft:crafting_table":5,"minecraft:torch":2,"gravestone:gravestone":1,"minecraft:grass_block":3,"minecraft:poppy":1,"minecraft:tall_grass":5,"minecraft:wall_torch":5,"minecraft:hay_block":4,"minecraft:furnace":1,"minecraft:sea_pickle":2,"minecraft:iron_ore":17,"minecraft:grass":15,"minecraft:oak_log":7,"minecraft:coal_ore":85,"minecraft:dirt":4,"minecraft:green_candle":6,"minecraft:azalea":1,"minecraft:stone":38,"minecraft:deepslate":3},"minecraft:used":{"minecraft:azalea":1,"minecraft:stone_sword":115,"minecraft:stone_pickaxe":132,"minecraft:chest":1,"minecraft:wooden_pickaxe":15,"minecraft:torch":7,"minecraft:dirt":6,"minecraft:crafting_table":6,"minecraft:white_bed":2,"minecraft:smoker":1,"minecraft:wooden_axe":41,"minecraft:bread":5,"minecraft:stone_axe":3,"minecraft:green_candle":3,"minecraft:cobblestone":15,"minecraft:furnace":3,"minecraft:cooked_porkchop":14,"minecraft:egg":1},"minecraft:broken":{"minecraft:stone_pickaxe":1,"minecraft:wooden_axe":1}},"DataVersion":3465}