{"stats":{"minecraft:killed_by":{"minecraft:creeper":1,"minecraft:zombie":1,"minecraft:husk":1,"minecraft:spider":1,"minecraft:skeleton":1},"minecraft:picked_up":{"minecraft:wheat":6,"minecraft:flower_pot":35,"minecraft:lead":1,"minecraft:enchanted_book":1,"minecraft:brewing_stand":3,"minecraft:string":19,"minecraft:iron_leggings":1,"minecraft:sea_pickle":18,"minecraft:cobbled_deepslate":59,"comforts:sleeping_bag_white":9,"minecraft:eye_armor_trim_smithing_template":1,"minecraft:azalea":5,"minecraft:furnace":5,"minecraft:stick":21,"minecraft:torch":47,"minecraft:acacia_log":83,"minecraft:porkchop":26,"minecraft:sandstone_wall":23,"minecraft:orange_bed":6,"minecraft:cactus":1,"minecraft:rotten_flesh":74,"minecraft:bookshelf":3,"minecraft:obsidian":2,"minecraft:cobblestone":258,"minecraft:magma_block":7,"minecraft:cooked_beef":17,"minecraft:smoker":3,"minecraft:potato":24,"minecraft:tuff":2,"minecraft:lapis_lazuli":139,"minecraft:dirt":511,"minecraft:lantern":24,"minecraft:name_tag":2,"minecraft:bone":17,"minecraft:acacia_planks":23,"minecraft:bow":2,"minecraft:wheat_seeds":27,"minecraft:green_candle":21,"minecraft:raw_gold":8,"minecraft:oak_planks":70,"minecraft:oak_pressure_plate":1,"minecraft:sand":197,"minecraft:quartz_bricks":7,"simplyswords:diamond_claymore":1,"minecraft:diamond":21,"minecraft:granite":68,"minecraft:emerald":27,"minecraft:rooted_dirt":2,"minecraft:oak_sapling":3,"minecraft:light_blue_candle":4,"minecraft:diamond_pickaxe":1,"minecraft:charcoal":6,"minecraft:crafting_table":15,"minecraft:sandstone_slab":19,"minecraft:chicken":1,"minecraft:clay_ball":1,"gravestone:obituary":9,"minecraft:moss_carpet":14,"minecraft:item_frame":16,"minecraft:blackstone":20,"minecraft:candle":84,"minecraft:beef":30,"minecraft:oak_boat":4,"minecraft:poppy":1,"minecraft:light_gray_wool":1,"minecraft:chest":6,"minecraft:sugar_cane":134,"minecraft:egg":1,"minecraft:raw_iron":333,"minecraft:sandstone":823,"sophisticatedbackpacks:backpack":2,"minecraft:carrot":121,"minecraft:redstone":39,"minecraft:arrow":36,"minecraft:hay_block":29,"minecraft:sandstone_stairs":28,"minecraft:gold_ingot":4,"minecraft:mutton":22,"minecraft:white_wool":54,"minecraft:oxeye_daisy":2,"minecraft:purple_dye":3,"minecraft:cut_sandstone":111,"minecraft:leather":15,"minecraft:filled_map":1,"minecraft:oak_log":125,"minecraft:orange_terracotta":1,"minecraft:smooth_sandstone":1,"minecraft:apple":38,"minecraft:iron_ingot":68,"minecraft:stone_pickaxe":1,"minecraft:cobweb":6,"minecraft:acacia_sapling":8,"minecraft:book":157,"minecraft:tropical_fish_bucket":2,"minecraft:smooth_basalt":6,"minecraft:gravel":9,"minecraft:blast_furnace":1,"minecraft:white_bed":1,"minecraft:orange_candle":12,"minecraft:spider_eye":5,"minecraft:brick_slab":1,"minecraft:iron_helmet":1,"minecraft:painting":11,"minecraft:gray_wool":1,"minecraft:acacia_slab":21,"minecraft:coal":256,"minecraft:ender_pearl":1,"minecraft:sunflower":15},"minecraft:custom":{"minecraft:interact_with_crafting_table":119,"minecraft:open_barrel":5,"minecraft:leave_game":9,"minecraft:time_since_death":280006,"minecraft:sprint_one_cm":1104680,"minecraft:drop":120,"minecraft:talked_to_villager":11,"minecraft:play_time":431372,"minecraft:deaths":8,"minecraft:jump":7726,"minecraft:walk_on_water_one_cm":44318,"minecraft:interact_with_furnace":72,"minecraft:traded_with_villager":17,"minecraft:interact_with_loom":1,"minecraft:sleep_in_bed":19,"minecraft:damage_dealt":17922,"minecraft:crouch_one_cm":12186,"minecraft:interact_with_smoker":32,"minecraft:mob_kills":109,"minecraft:damage_dealt_resisted":40,"minecraft:climb_one_cm":11389,"minecraft:walk_one_cm":1053285,"minecraft:damage_dealt_absorbed":119,"minecraft:sneak_time":4296,"minecraft:walk_under_water_one_cm":38598,"minecraft:boat_one_cm":323235,"minecraft:interact_with_blast_furnace":20,"minecraft:total_world_time":431372,"minecraft:time_since_rest":45923,"minecraft:damage_taken":7995,"minecraft:swim_one_cm":111770,"minecraft:fly_one_cm":1552188,"minecraft:open_chest":184,"minecraft:fall_one_cm":247472},"minecraft:dropped":{"minecraft:lapis_lazuli":5,"minecraft:oak_pressure_plate":1,"minecraft:oak_log":1,"minecraft:crafting_table":1,"minecraft:rooted_dirt":2,"minecraft:leather":1,"minecraft:dirt":64,"gravestone:obituary":11,"minecraft:white_wool":48,"minecraft:gold_ingot":1,"minecraft:bone":1,"minecraft:gravel":6,"minecraft:stone_axe":1,"minecraft:blackstone":13,"hangglider:hang_glider":1,"minecraft:iron_nugget":7,"hangglider:glider_wing":1,"minecraft:wheat":12,"minecraft:rotten_flesh":60,"minecraft:oak_planks":20,"minecraft:quartz_bricks":7,"minecraft:charcoal":6,"minecraft:azalea":4,"minecraft:acacia_sapling":8,"minecraft:iron_ingot":14,"minecraft:wheat_seeds":10,"minecraft:cobblestone":5,"minecraft:apple":2,"minecraft:granite":40,"minecraft:purple_dye":4,"minecraft:coal":1,"minecraft:stick":13,"minecraft:oxeye_daisy":2,"minecraft:brewing_stand":1,"minecraft:cactus":1,"minecraft:string":2,"minecraft:acacia_planks":16,"minecraft:smooth_basalt":5,"minecraft:redstone":39,"minecraft:moss_carpet":14,"minecraft:stone_sword":1,"minecraft:raw_iron":60,"minecraft:light_gray_wool":1,"minecraft:clay_ball":1,"minecraft:filled_map":1,"minecraft:potato":5,"minecraft:orange_terracotta":1,"minecraft:oak_sapling":1,"minecraft:spider_eye":3,"minecraft:sandstone":8,"minecraft:stone_pickaxe":1,"minecraft:wooden_pickaxe":2,"minecraft:brick_slab":1},"minecraft:crafted":{"minecraft:oak_planks":374,"minecraft:smooth_stone":3,"minecraft:cut_sandstone":584,"hangglider:hang_glider":2,"minecraft:cooked_chicken":1,"minecraft:stone":3,"minecraft:cooked_mutton":22,"minecraft:iron_boots":1,"minecraft:chest":8,"sophisticatedbackpacks:backpack":2,"minecraft:emerald":17,"minecraft:cooked_porkchop":26,"minecraft:crafting_table":8,"minecraft:acacia_slab":228,"minecraft:wooden_pickaxe":4,"minecraft:iron_helmet":2,"minecraft:iron_chestplate":2,"minecraft:diamond_pickaxe":1,"minecraft:purple_dye":2,"minecraft:stick":654,"minecraft:iron_ingot":140,"minecraft:iron_pickaxe":6,"minecraft:stone_sword":1,"minecraft:sandstone":20,"minecraft:sandstone_stairs":32,"hangglider:glider_framework":2,"minecraft:iron_nugget":10,"comforts:sleeping_bag_white":1,"minecraft:furnace":4,"minecraft:blast_furnace":1,"minecraft:bone_meal":24,"hangglider:glider_wing":5,"minecraft:iron_axe":3,"minecraft:iron_hoe":1,"minecraft:stone_pickaxe":1,"minecraft:wheat":81,"minecraft:cooked_beef":30,"minecraft:red_dye":1,"minecraft:smooth_sandstone":1,"minecraft:sandstone_slab":12,"minecraft:acacia_stairs":4,"minecraft:bucket":1,"minecraft:stone_axe":1,"minecraft:bread":25,"simplyswords:iron_greathammer":1,"minecraft:air":0,"minecraft:blue_dye":1,"minecraft:oak_boat":1,"minecraft:sandstone_wall":36,"minecraft:wooden_axe":1,"minecraft:iron_shovel":3,"minecraft:iron_leggings":2,"minecraft:white_bed":1,"minecraft:acacia_planks":332,"minecraft:torch":152},"minecraft:killed":{"minecraft:spider":10,"minecraft:skeleton":10,"minecraft:chicken":1,"minecraft:pig":11,"minecraft:zombie_villager":1,"minecraft:sheep":17,"minecraft:pillager":1,"minecraft:zombie":39,"minecraft:cow":17,"minecraft:enderman":1},"minecraft:mined":{"minecraft:white_bed":1,"minecraft:potted_cactus":1,"minecraft:brewing_stand":1,"minecraft:obsidian":1,"minecraft:granite":54,"minecraft:acacia_log":84,"minecraft:grass_block":375,"minecraft:orange_candle":3,"minecraft:oak_pressure_plate":1,"minecraft:sandstone_stairs":28,"comforts:sleeping_bag_white":1,"minecraft:tall_seagrass":1,"minecraft:magma_block":8,"minecraft:iron_ore":129,"minecraft:cobbled_deepslate":3,"minecraft:fire":1,"minecraft:moss_carpet":1,"minecraft:deepslate_lapis_ore":4,"minecraft:azalea":1,"minecraft:orange_bed":6,"minecraft:sandstone_slab":19,"minecraft:cut_sandstone":113,"minecraft:blackstone":20,"minecraft:smoker":3,"minecraft:medium_amethyst_bud":1,"minecraft:orange_terracotta":1,"minecraft:torch":20,"minecraft:blast_furnace":1,"minecraft:poppy":2,"minecraft:chest":6,"minecraft:white_stained_glass_pane":1,"minecraft:dead_bush":1,"minecraft:cobblestone":8,"minecraft:sugar_cane":93,"minecraft:oak_planks":2,"minecraft:wall_torch":23,"minecraft:grass":99,"minecraft:oak_log":94,"minecraft:sand":181,"minecraft:dirt":130,"minecraft:sandstone_wall":23,"minecraft:smooth_basalt":4,"minecraft:oak_leaves":45,"minecraft:cyan_candle":1,"minecraft:deepslate":39,"minecraft:tuff":2,"minecraft:deepslate_diamond_ore":12,"minecraft:candle":14,"gravestone:gravestone":7,"minecraft:yellow_candle":1,"minecraft:potted_azalea_bush":2,"minecraft:acacia_slab":17,"minecraft:sandstone":827,"minecraft:hay_block":30,"minecraft:redstone_ore":8,"minecraft:furnace":5,"minecraft:carrots":31,"minecraft:bookshelf":22,"minecraft:potatoes":3,"minecraft:deepslate_iron_ore":76,"minecraft:lantern":10,"minecraft:stripped_oak_log":2,"minecraft:green_candle":6,"minecraft:stone":248,"sophisticatedbackpacks:backpack":1,"minecraft:acacia_leaves":13,"minecraft:oak_fence":1,"minecraft:smooth_sandstone":1,"minecraft:crafting_table":15,"minecraft:cyan_stained_glass_pane":2,"minecraft:campfire":2,"minecraft:potted_oxeye_daisy":1,"minecraft:tall_grass":26,"minecraft:copper_ore":1,"minecraft:quartz_bricks":8,"minecraft:lapis_ore":6,"minecraft:brick_slab":1,"minecraft:sea_pickle":4,"minecraft:coal_ore":123,"minecraft:light_blue_candle":1,"minecraft:flower_pot":1,"minecraft:sunflower":11,"minecraft:gravel":3,"minecraft:acacia_planks":2,"minecraft:gold_ore":4,"minecraft:fern":1},"minecraft:used":{"minecraft:iron_shovel":618,"minecraft:chest":13,"minecraft:carrot":112,"minecraft:tuff":2,"minecraft:furnace":8,"minecraft:oak_sapling":2,"minecraft:egg":1,"minecraft:potato":19,"minecraft:stone_pickaxe":132,"minecraft:blackstone":7,"minecraft:wooden_pickaxe":128,"minecraft:sandstone":124,"minecraft:sugar_cane":80,"minecraft:glow_berries":2,"minecraft:sand":114,"simplyswords:diamond_claymore":5,"minecraft:blast_furnace":2,"simplyswords:iron_greathammer":143,"sophisticatedbackpacks:backpack":1,"minecraft:bread":48,"minecraft:green_candle":3,"minecraft:oak_boat":4,"minecraft:tropical_fish_bucket":2,"minecraft:bone_meal":24,"minecraft:azalea":1,"minecraft:stone_sword":127,"minecraft:sandstone_wall":43,"minecraft:orange_bed":6,"minecraft:torch":196,"minecraft:dirt":250,"minecraft:granite":28,"minecraft:iron_hoe":72,"minecraft:wooden_axe":41,"minecraft:iron_axe":328,"minecraft:acacia_slab":249,"minecraft:smooth_sandstone":1,"comforts:sleeping_bag_white":9,"minecraft:cooked_beef":7,"minecraft:acacia_planks":5,"minecraft:cobbled_deepslate":44,"minecraft:cooked_mutton":22,"minecraft:water_bucket":85,"minecraft:sandstone_stairs":57,"minecraft:cut_sandstone":681,"minecraft:crafting_table":21,"minecraft:white_bed":2,"minecraft:smoker":3,"minecraft:acacia_stairs":3,"minecraft:diamond_pickaxe":18,"minecraft:apple":1,"minecraft:iron_pickaxe":1565,"minecraft:stone_axe":3,"minecraft:cobblestone":119,"minecraft:cooked_porkchop":26,"minecraft:sandstone_slab":31,"minecraft:bucket":87},"minecraft:broken":{"minecraft:iron_shovel":2,"minecraft:stone_pickaxe":1,"minecraft:wooden_axe":1,"minecraft:wooden_pickaxe":1,"minecraft:iron_axe":1,"minecraft:iron_pickaxe":5}},"DataVersion":3465}