{"stats":{"minecraft:used":{"minecraft:azalea":1,"minecraft:stone_sword":127,"minecraft:iron_shovel":210,"minecraft:chest":13,"minecraft:orange_bed":6,"minecraft:torch":179,"minecraft:dirt":47,"minecraft:carrot":3,"minecraft:tuff":2,"minecraft:granite":28,"minecraft:iron_hoe":1,"minecraft:wooden_axe":41,"minecraft:iron_axe":233,"minecraft:furnace":7,"minecraft:cooked_beef":7,"minecraft:egg":1,"comforts:sleeping_bag_white":3,"minecraft:cobbled_deepslate":44,"minecraft:acacia_planks":3,"minecraft:cooked_mutton":22,"minecraft:water_bucket":14,"minecraft:stone_pickaxe":132,"minecraft:blackstone":7,"minecraft:wooden_pickaxe":128,"minecraft:sandstone":31,"minecraft:sugar_cane":29,"minecraft:blast_furnace":2,"minecraft:glow_berries":2,"minecraft:sand":47,"simplyswords:diamond_claymore":5,"minecraft:crafting_table":15,"minecraft:white_bed":2,"minecraft:smoker":3,"simplyswords:iron_greathammer":34,"sophisticatedbackpacks:backpack":1,"minecraft:diamond_pickaxe":16,"minecraft:apple":1,"minecraft:iron_pickaxe":566,"minecraft:bread":25,"minecraft:green_candle":3,"minecraft:stone_axe":3,"minecraft:cobblestone":112,"minecraft:bucket":16,"minecraft:cooked_porkchop":26,"minecraft:oak_boat":4,"minecraft:tropical_fish_bucket":2},"minecraft:picked_up":{"minecraft:charcoal":4,"minecraft:crafting_table":12,"minecraft:wheat":6,"minecraft:chicken":1,"minecraft:clay_ball":1,"minecraft:flower_pot":35,"minecraft:lead":1,"minecraft:enchanted_book":1,"gravestone:obituary":9,"minecraft:brewing_stand":3,"minecraft:string":14,"minecraft:moss_carpet":14,"minecraft:iron_leggings":1,"minecraft:item_frame":16,"minecraft:blackstone":20,"minecraft:sea_pickle":18,"minecraft:candle":84,"minecraft:cobbled_deepslate":59,"comforts:sleeping_bag_white":3,"minecraft:eye_armor_trim_smithing_template":1,"minecraft:beef":30,"minecraft:oak_boat":4,"minecraft:azalea":5,"minecraft:poppy":1,"minecraft:light_gray_wool":1,"minecraft:sugar_cane":50,"minecraft:chest":6,"minecraft:furnace":5,"minecraft:egg":1,"minecraft:raw_iron":333,"minecraft:stick":19,"minecraft:sandstone":45,"minecraft:torch":31,"minecraft:acacia_log":21,"sophisticatedbackpacks:backpack":1,"minecraft:porkchop":26,"minecraft:carrot":4,"minecraft:redstone":39,"minecraft:orange_bed":6,"minecraft:cactus":1,"minecraft:arrow":33,"minecraft:rotten_flesh":46,"minecraft:hay_block":29,"minecraft:bookshelf":3,"minecraft:gold_ingot":4,"minecraft:mutton":22,"minecraft:obsidian":2,"minecraft:white_wool":54,"minecraft:cobblestone":246,"minecraft:oxeye_daisy":2,"minecraft:purple_dye":3,"minecraft:cooked_beef":17,"minecraft:leather":15,"minecraft:smoker":3,"minecraft:potato":10,"minecraft:filled_map":1,"minecraft:tuff":2,"minecraft:oak_log":119,"minecraft:lapis_lazuli":139,"minecraft:dirt":170,"minecraft:lantern":24,"minecraft:name_tag":2,"minecraft:orange_terracotta":1,"minecraft:bone":16,"minecraft:acacia_planks":22,"minecraft:apple":38,"minecraft:wheat_seeds":15,"minecraft:green_candle":21,"minecraft:raw_gold":8,"minecraft:iron_ingot":68,"minecraft:stone_pickaxe":1,"minecraft:cobweb":6,"minecraft:oak_planks":70,"minecraft:acacia_sapling":7,"minecraft:book":157,"minecraft:tropical_fish_bucket":2,"minecraft:smooth_basalt":6,"minecraft:oak_pressure_plate":1,"minecraft:gravel":9,"minecraft:sand":93,"minecraft:blast_furnace":1,"minecraft:white_bed":1,"minecraft:orange_candle":12,"minecraft:spider_eye":1,"minecraft:brick_slab":1,"minecraft:quartz_bricks":7,"simplyswords:diamond_claymore":1,"minecraft:diamond":21,"minecraft:iron_helmet":1,"minecraft:granite":68,"minecraft:painting":11,"minecraft:gray_wool":1,"minecraft:emerald":27,"minecraft:rooted_dirt":2,"minecraft:oak_sapling":1,"minecraft:light_blue_candle":4,"minecraft:coal":256,"minecraft:ender_pearl":1,"minecraft:sunflower":10,"minecraft:diamond_pickaxe":1},"minecraft:mined":{"minecraft:tuff":2,"minecraft:white_bed":1,"minecraft:deepslate_diamond_ore":12,"minecraft:candle":14,"minecraft:potted_cactus":1,"minecraft:brewing_stand":1,"minecraft:obsidian":1,"gravestone:gravestone":7,"minecraft:granite":54,"minecraft:acacia_log":21,"minecraft:grass_block":125,"minecraft:yellow_candle":1,"minecraft:potted_azalea_bush":2,"minecraft:orange_candle":3,"minecraft:oak_pressure_plate":1,"minecraft:sandstone":35,"comforts:sleeping_bag_white":1,"minecraft:hay_block":30,"minecraft:tall_seagrass":1,"minecraft:redstone_ore":8,"minecraft:furnace":5,"minecraft:iron_ore":129,"minecraft:fire":1,"minecraft:cobbled_deepslate":3,"minecraft:moss_carpet":1,"minecraft:deepslate_lapis_ore":4,"minecraft:bookshelf":22,"minecraft:deepslate_iron_ore":76,"minecraft:lantern":10,"minecraft:stripped_oak_log":2,"minecraft:green_candle":6,"minecraft:azalea":1,"minecraft:stone":240,"sophisticatedbackpacks:backpack":1,"minecraft:orange_bed":6,"minecraft:acacia_leaves":12,"minecraft:blackstone":20,"minecraft:medium_amethyst_bud":1,"minecraft:smoker":3,"minecraft:orange_terracotta":1,"minecraft:oak_fence":1,"minecraft:crafting_table":12,"minecraft:torch":6,"minecraft:cyan_stained_glass_pane":2,"minecraft:blast_furnace":1,"minecraft:poppy":2,"minecraft:chest":6,"minecraft:white_stained_glass_pane":1,"minecraft:dead_bush":1,"minecraft:copper_ore":1,"minecraft:campfire":1,"minecraft:tall_grass":9,"minecraft:potted_oxeye_daisy":1,"minecraft:cobblestone":4,"minecraft:quartz_bricks":8,"minecraft:lapis_ore":6,"minecraft:oak_planks":2,"minecraft:sugar_cane":10,"minecraft:wall_torch":22,"minecraft:brick_slab":1,"minecraft:sea_pickle":4,"minecraft:grass":48,"minecraft:coal_ore":123,"minecraft:oak_log":88,"minecraft:light_blue_candle":1,"minecraft:gravel":3,"minecraft:dirt":32,"minecraft:sand":98,"minecraft:sunflower":6,"minecraft:flower_pot":1,"minecraft:smooth_basalt":4,"minecraft:gold_ore":4,"minecraft:deepslate":39,"minecraft:oak_leaves":13,"minecraft:cyan_candle":1,"minecraft:fern":1},"minecraft:custom":{"minecraft:mob_kills":86,"minecraft:interact_with_crafting_table":78,"minecraft:open_barrel":5,"minecraft:damage_dealt_resisted":40,"minecraft:leave_game":7,"minecraft:time_since_death":129646,"minecraft:climb_one_cm":11389,"minecraft:sprint_one_cm":773513,"minecraft:walk_one_cm":495054,"minecraft:drop":106,"minecraft:damage_dealt_absorbed":39,"minecraft:talked_to_villager":11,"minecraft:play_time":281012,"minecraft:deaths":8,"minecraft:sneak_time":2671,"minecraft:walk_under_water_one_cm":33696,"minecraft:boat_one_cm":323235,"minecraft:jump":5444,"minecraft:interact_with_blast_furnace":17,"minecraft:walk_on_water_one_cm":28489,"minecraft:total_world_time":281012,"minecraft:interact_with_furnace":68,"minecraft:traded_with_villager":17,"minecraft:interact_with_loom":1,"minecraft:sleep_in_bed":13,"minecraft:time_since_rest":2407,"minecraft:damage_taken":6774,"minecraft:damage_dealt":13328,"minecraft:swim_one_cm":104135,"minecraft:fly_one_cm":1131749,"minecraft:open_chest":145,"minecraft:crouch_one_cm":4508,"minecraft:interact_with_smoker":30,"minecraft:fall_one_cm":199372},"minecraft:killed_by":{"minecraft:husk":1,"minecraft:creeper":1,"minecraft:spider":1,"minecraft:skeleton":1,"minecraft:zombie":1},"minecraft:crafted":{"hangglider:glider_framework":2,"minecraft:smooth_stone":3,"minecraft:oak_planks":350,"minecraft:iron_nugget":10,"comforts:sleeping_bag_white":1,"hangglider:hang_glider":2,"minecraft:cooked_chicken":1,"minecraft:furnace":3,"minecraft:blast_furnace":1,"minecraft:stone":3,"hangglider:glider_wing":5,"minecraft:cooked_mutton":22,"minecraft:iron_boots":1,"minecraft:iron_axe":2,"minecraft:iron_hoe":1,"minecraft:stone_pickaxe":1,"minecraft:chest":8,"minecraft:wheat":81,"minecraft:cooked_beef":30,"minecraft:red_dye":1,"minecraft:emerald":17,"sophisticatedbackpacks:backpack":2,"minecraft:cooked_porkchop":26,"minecraft:crafting_table":5,"minecraft:wooden_pickaxe":4,"minecraft:iron_helmet":2,"minecraft:bucket":1,"minecraft:stone_axe":1,"minecraft:bread":25,"simplyswords:iron_greathammer":1,"minecraft:air":0,"minecraft:blue_dye":1,"minecraft:oak_boat":1,"minecraft:iron_chestplate":2,"minecraft:purple_dye":2,"minecraft:diamond_pickaxe":1,"minecraft:stick":630,"minecraft:iron_ingot":140,"minecraft:iron_pickaxe":2,"minecraft:wooden_axe":1,"minecraft:stone_sword":1,"minecraft:iron_shovel":1,"minecraft:iron_leggings":2,"minecraft:white_bed":1,"minecraft:acacia_planks":84,"minecraft:torch":152},"minecraft:dropped":{"minecraft:wheat_seeds":7,"minecraft:lapis_lazuli":5,"minecraft:oak_pressure_plate":1,"minecraft:oak_log":1,"minecraft:crafting_table":1,"minecraft:cobblestone":5,"minecraft:rooted_dirt":2,"minecraft:leather":1,"minecraft:apple":2,"minecraft:granite":40,"minecraft:purple_dye":4,"minecraft:coal":1,"minecraft:stick":13,"minecraft:oxeye_daisy":2,"minecraft:brewing_stand":1,"gravestone:obituary":11,"minecraft:cactus":1,"minecraft:string":2,"minecraft:white_wool":48,"minecraft:acacia_planks":16,"minecraft:redstone":39,"minecraft:gold_ingot":1,"minecraft:smooth_basalt":5,"minecraft:gravel":6,"minecraft:stone_axe":1,"minecraft:moss_carpet":14,"minecraft:blackstone":13,"hangglider:hang_glider":1,"minecraft:iron_nugget":7,"minecraft:stone_sword":1,"hangglider:glider_wing":1,"minecraft:wheat":12,"minecraft:raw_iron":60,"minecraft:rotten_flesh":46,"minecraft:light_gray_wool":1,"minecraft:clay_ball":1,"minecraft:oak_planks":20,"minecraft:quartz_bricks":7,"minecraft:filled_map":1,"minecraft:orange_terracotta":1,"minecraft:charcoal":4,"minecraft:oak_sapling":1,"minecraft:acacia_sapling":7,"minecraft:azalea":4,"minecraft:spider_eye":1,"minecraft:sandstone":8,"minecraft:stone_pickaxe":1,"minecraft:wooden_pickaxe":2,"minecraft:brick_slab":1},"minecraft:broken":{"minecraft:wooden_pickaxe":1,"minecraft:stone_pickaxe":1,"minecraft:iron_axe":1,"minecraft:iron_pickaxe":1,"minecraft:wooden_axe":1},"minecraft:killed":{"minecraft:spider":6,"minecraft:skeleton":8,"minecraft:chicken":1,"minecraft:pig":11,"minecraft:sheep":17,"minecraft:pillager":1,"minecraft:zombie":23,"minecraft:enderman":1,"minecraft:cow":17}},"DataVersion":3465}