{"stats":{"minecraft:killed_by":{"minecraft:husk":1,"minecraft:creeper":1,"minecraft:vindicator":1,"minecraft:zombie":3},"minecraft:picked_up":{"minecraft:wooden_axe":2,"minecraft:charcoal":4,"minecraft:crafting_table":14,"minecraft:flower_pot":5,"minecraft:smithing_table":1,"minecraft:wooden_pickaxe":1,"minecraft:oak_stairs":1,"minecraft:acacia_pressure_plate":2,"gravestone:obituary":11,"minecraft:shield":1,"minecraft:moss_carpet":2,"minecraft:string":6,"minecraft:item_frame":1,"minecraft:blackstone":26,"minecraft:blue_orchid":10,"minecraft:cobbled_deepslate":201,"minecraft:bucket":1,"comforts:sleeping_bag_white":12,"minecraft:beef":37,"minecraft:poppy":1,"minecraft:chest":6,"minecraft:birch_sapling":7,"minecraft:furnace":7,"minecraft:egg":2,"minecraft:stick":19,"minecraft:raw_iron":59,"minecraft:sandstone":8,"minecraft:jungle_door":1,"minecraft:torch":3,"minecraft:acacia_log":55,"minecraft:green_bed":4,"minecraft:porkchop":11,"minecraft:honeycomb_block":6,"minecraft:arrow":7,"minecraft:rotten_flesh":21,"minecraft:pink_tulip":1,"minecraft:mangrove_roots":5,"minecraft:mutton":8,"minecraft:white_wool":15,"minecraft:cobblestone":271,"minecraft:oxeye_daisy":1,"minecraft:birch_log":18,"minecraft:magma_block":1,"minecraft:purple_dye":1,"minecraft:leather":17,"minecraft:smoker":1,"minecraft:filled_map":1,"minecraft:flint":1,"minecraft:tuff":21,"minecraft:oak_log":55,"minecraft:magenta_bed":3,"minecraft:yellow_bed":4,"minecraft:acacia_boat":4,"minecraft:dirt":363,"minecraft:lantern":6,"minecraft:bone":7,"minecraft:acacia_planks":30,"minecraft:apple":1,"minecraft:bow":3,"minecraft:wheat_seeds":4,"minecraft:acacia_trapdoor":3,"minecraft:stone_pickaxe":2,"minecraft:cyan_candle":4,"minecraft:moss_block":1,"minecraft:magenta_candle":21,"minecraft:flowering_azalea":2,"minecraft:book":105,"minecraft:black_candle":1,"minecraft:gravel":31,"minecraft:sand":12,"simplyswords:gold_warglaive":2,"minecraft:blast_furnace":1,"minecraft:orange_candle":2,"minecraft:spider_eye":3,"simplyswords:diamond_greathammer":1,"minecraft:diamond":18,"minecraft:stone_axe":1,"minecraft:honey_block":4,"minecraft:granite":74,"minecraft:painting":32,"minecraft:emerald":1,"minecraft:oak_sapling":16,"minecraft:brown_banner":6,"minecraft:mangrove_propagule":1,"minecraft:coal":50},"minecraft:dropped":{"minecraft:cobblestone":4,"minecraft:dirt":1,"minecraft:mutton":1,"minecraft:wooden_axe":2,"minecraft:oak_stairs":1,"gravestone:obituary":14,"minecraft:white_wool":1,"minecraft:acacia_planks":6,"minecraft:gravel":2,"minecraft:stone_axe":2,"minecraft:blackstone":1,"minecraft:tuff":14,"minecraft:rotten_flesh":14,"minecraft:cooked_mutton":7,"minecraft:filled_map":1,"minecraft:poppy":1,"minecraft:oak_sapling":1,"simplyswords:diamond_greathammer":1,"minecraft:spider_eye":2,"comforts:sleeping_bag_white":1,"minecraft:sandstone":8,"minecraft:bow":2,"minecraft:stone_pickaxe":4,"minecraft:wooden_pickaxe":3,"minecraft:acacia_pressure_plate":2},"minecraft:custom":{"minecraft:mob_kills":57,"minecraft:interact_with_crafting_table":47,"minecraft:open_barrel":23,"minecraft:bell_ring":5,"minecraft:eat_cake_slice":2,"minecraft:leave_game":10,"minecraft:time_since_death":81123,"minecraft:climb_one_cm":17591,"minecraft:sprint_one_cm":616820,"minecraft:walk_one_cm":831980,"minecraft:damage_blocked_by_shield":400,"minecraft:drop":60,"minecraft:talked_to_villager":4,"minecraft:play_time":347009,"minecraft:sneak_time":3722,"minecraft:deaths":9,"minecraft:walk_under_water_one_cm":32292,"minecraft:boat_one_cm":492861,"minecraft:jump":6208,"minecraft:walk_on_water_one_cm":38397,"minecraft:total_world_time":347009,"minecraft:interact_with_furnace":50,"minecraft:pot_flower":3,"minecraft:sleep_in_bed":20,"minecraft:time_since_rest":5758,"minecraft:damage_taken":6087,"minecraft:damage_dealt":6530,"minecraft:swim_one_cm":42862,"minecraft:fly_one_cm":1457414,"minecraft:open_chest":128,"minecraft:crouch_one_cm":10311,"minecraft:interact_with_smoker":2,"minecraft:fall_one_cm":182131},"minecraft:crafted":{"hangglider:glider_framework":1,"minecraft:oak_planks":36,"simplyswords:diamond_greathammer":1,"minecraft:acacia_pressure_plate":1,"minecraft:iron_nugget":9,"comforts:sleeping_bag_white":2,"hangglider:hang_glider":1,"minecraft:furnace":2,"hangglider:glider_wing":2,"minecraft:cooked_mutton":7,"minecraft:flint_and_steel":1,"minecraft:iron_axe":2,"minecraft:stone_pickaxe":2,"minecraft:chest":4,"minecraft:diamond_boots":1,"sophisticatedbackpacks:iron_backpack":1,"minecraft:cooked_beef":14,"minecraft:item_frame":1,"minecraft:emerald":9,"sophisticatedbackpacks:backpack":1,"minecraft:cooked_porkchop":11,"minecraft:crafting_table":4,"minecraft:wooden_pickaxe":2,"minecraft:iron_helmet":1,"minecraft:acacia_trapdoor":2,"minecraft:bucket":2,"minecraft:stone_axe":2,"minecraft:acacia_boat":1,"minecraft:air":0,"minecraft:iron_chestplate":1,"minecraft:shield":2,"minecraft:stick":48,"minecraft:iron_ingot":59,"minecraft:iron_pickaxe":3,"minecraft:wooden_axe":1,"minecraft:iron_shovel":1,"minecraft:iron_leggings":1,"morebows:diamond_bow":1,"minecraft:acacia_planks":220,"minecraft:torch":8},"minecraft:killed":{"minecraft:witch":2,"minecraft:spider":6,"minecraft:skeleton":7,"minecraft:husk":1,"minecraft:pig":7,"minecraft:creeper":1,"minecraft:sheep":7,"minecraft:pillager":1,"minecraft:zombie":8,"minecraft:cow":17},"minecraft:mined":{"minecraft:large_amethyst_bud":2,"minecraft:tuff":7,"minecraft:spruce_planks":2,"minecraft:deepslate_diamond_ore":19,"minecraft:potted_flowering_azalea_bush":2,"minecraft:potted_blue_orchid":1,"minecraft:mangrove_roots":5,"gravestone:gravestone":8,"minecraft:granite":50,"minecraft:acacia_log":55,"minecraft:grass_block":242,"minecraft:moss_block":1,"minecraft:mangrove_propagule":1,"minecraft:sandstone":16,"minecraft:magma_block":1,"minecraft:furnace":7,"minecraft:acacia_trapdoor":3,"minecraft:iron_ore":48,"minecraft:cobbled_deepslate":1,"minecraft:moss_carpet":2,"minecraft:bookshelf":35,"minecraft:deepslate_iron_ore":14,"minecraft:flowering_azalea_leaves":1,"minecraft:oak_stairs":1,"minecraft:lantern":4,"minecraft:pink_tulip":1,"minecraft:blue_orchid":9,"minecraft:stone":207,"minecraft:green_bed":4,"minecraft:smithing_table":1,"minecraft:acacia_leaves":4,"minecraft:jungle_door":1,"minecraft:blackstone":23,"minecraft:smoker":1,"minecraft:medium_amethyst_bud":2,"minecraft:crafting_table":13,"minecraft:torch":3,"minecraft:honey_block":4,"minecraft:blast_furnace":1,"minecraft:chest":6,"minecraft:tall_grass":8,"minecraft:honeycomb_block":6,"minecraft:cobblestone":22,"minecraft:potted_oak_sapling":1,"minecraft:wall_torch":1,"minecraft:birch_log":18,"minecraft:magenta_bed":3,"minecraft:brown_wall_banner":6,"minecraft:birch_leaves":5,"minecraft:magenta_candle":7,"minecraft:potted_poppy":1,"minecraft:yellow_bed":4,"minecraft:grass":31,"minecraft:oak_log":53,"minecraft:coal_ore":23,"minecraft:gravel":31,"minecraft:dirt":106,"minecraft:sand":7,"minecraft:oak_leaves":21,"minecraft:deepslate":168},"minecraft:used":{"minecraft:moss_block":1,"minecraft:iron_shovel":251,"minecraft:flint_and_steel":19,"morebows:diamond_bow":17,"minecraft:chest":9,"minecraft:shield":12,"simplyswords:gold_warglaive":2,"minecraft:torch":11,"minecraft:dirt":173,"minecraft:granite":50,"minecraft:orange_candle":2,"minecraft:lantern":6,"minecraft:iron_axe":225,"simplyswords:diamond_greathammer":43,"minecraft:item_frame":2,"minecraft:oak_sapling":6,"minecraft:furnace":7,"minecraft:egg":2,"comforts:sleeping_bag_white":12,"minecraft:cooked_beef":40,"minecraft:cobbled_deepslate":29,"minecraft:acacia_planks":98,"minecraft:acacia_boat":4,"minecraft:water_bucket":9,"minecraft:acacia_trapdoor":2,"minecraft:stone_pickaxe":127,"minecraft:cyan_candle":4,"minecraft:baked_potato":10,"minecraft:blackstone":19,"minecraft:wooden_pickaxe":34,"minecraft:green_bed":3,"minecraft:crafting_table":14,"minecraft:blast_furnace":1,"minecraft:painting":32,"minecraft:oak_log":1,"minecraft:flower_pot":3,"minecraft:iron_pickaxe":484,"minecraft:stone_axe":85,"minecraft:cobblestone":98,"minecraft:cooked_porkchop":8,"minecraft:jungle_door":1,"minecraft:bucket":10,"minecraft:pumpkin_pie":1,"minecraft:yellow_bed":4},"minecraft:broken":{"minecraft:iron_shovel":1,"minecraft:iron_axe":1}},"DataVersion":3465}