{"stats":{"minecraft:killed_by":{"minecraft:zombie":1},"minecraft:picked_up":{"minecraft:stick":1,"minecraft:crafting_table":2,"minecraft:porkchop":11,"minecraft:oak_log":6,"minecraft:dirt":1,"minecraft:moss_block":1,"minecraft:mutton":7,"minecraft:coal":1,"minecraft:white_wool":6,"minecraft:cobblestone":41},"minecraft:dropped":{"minecraft:wooden_pickaxe":1},"minecraft:custom":{"minecraft:time_since_rest":8639,"minecraft:interact_with_furnace":2,"minecraft:sprint_one_cm":39779,"minecraft:damage_taken":360,"minecraft:walk_one_cm":46810,"minecraft:mob_kills":13,"minecraft:drop":1,"minecraft:damage_dealt":1180,"minecraft:swim_one_cm":2993,"minecraft:interact_with_crafting_table":4,"minecraft:fly_one_cm":82145,"minecraft:play_time":21761,"minecraft:deaths":1,"minecraft:sneak_time":19,"minecraft:walk_under_water_one_cm":2116,"minecraft:jump":396,"minecraft:leave_game":3,"minecraft:walk_on_water_one_cm":710,"minecraft:time_since_death":8551,"minecraft:total_world_time":21761,"minecraft:fall_one_cm":11930},"minecraft:crafted":{"minecraft:oak_planks":24,"minecraft:cooked_porkchop":3,"minecraft:crafting_table":1,"minecraft:stick":8,"minecraft:wooden_pickaxe":1,"minecraft:stone_pickaxe":1,"minecraft:furnace":1,"minecraft:stone_axe":1,"minecraft:air":0},"minecraft:killed":{"minecraft:sheep":6,"minecraft:pig":7},"minecraft:mined":{"minecraft:crafting_table":2,"gravestone:gravestone":1,"minecraft:grass":11,"minecraft:coal_ore":1,"minecraft:grass_block":1,"minecraft:oak_log":6,"minecraft:tall_grass":2,"minecraft:cobblestone":3,"minecraft:stone":38,"minecraft:moss_block":1,"minecraft:oak_leaves":3},"minecraft:used":{"minecraft:moss_block":1,"minecraft:stone_pickaxe":49,"minecraft:wooden_pickaxe":4,"minecraft:stone_axe":24,"minecraft:crafting_table":3,"minecraft:furnace":1,"minecraft:cooked_porkchop":2}},"DataVersion":3465}