{"stats":{"minecraft:killed_by":{"minecraft:zombie":1},"minecraft:picked_up":{"minecraft:crafting_table":5,"minecraft:leather":17,"minecraft:filled_map":1,"minecraft:oak_log":6,"gravestone:obituary":3,"minecraft:dirt":3,"minecraft:cobbled_deepslate":12,"comforts:sleeping_bag_white":1,"minecraft:beef":37,"minecraft:moss_block":1,"minecraft:chest":1,"minecraft:furnace":2,"minecraft:stick":2,"minecraft:raw_iron":22,"minecraft:green_bed":1,"minecraft:torch":3,"minecraft:acacia_log":14,"minecraft:porkchop":11,"minecraft:rotten_flesh":2,"minecraft:diamond":3,"minecraft:granite":3,"minecraft:brown_banner":6,"minecraft:mutton":7,"minecraft:coal":9,"minecraft:white_wool":6,"minecraft:cobblestone":93},"minecraft:dropped":{"minecraft:cooked_mutton":7,"minecraft:filled_map":1,"gravestone:obituary":4,"comforts:sleeping_bag_white":1,"minecraft:wooden_pickaxe":1},"minecraft:custom":{"minecraft:interact_with_furnace":28,"minecraft:mob_kills":30,"minecraft:interact_with_crafting_table":15,"minecraft:bell_ring":5,"minecraft:leave_game":5,"minecraft:time_since_death":50437,"minecraft:sleep_in_bed":2,"minecraft:climb_one_cm":4331,"minecraft:time_since_rest":9965,"minecraft:sprint_one_cm":104715,"minecraft:damage_taken":780,"minecraft:walk_one_cm":149456,"minecraft:drop":8,"minecraft:damage_dealt":2980,"minecraft:swim_one_cm":4163,"minecraft:fly_one_cm":245510,"minecraft:open_chest":13,"minecraft:crouch_one_cm":2710,"minecraft:play_time":63647,"minecraft:deaths":1,"minecraft:sneak_time":664,"minecraft:walk_under_water_one_cm":7876,"minecraft:jump":1233,"minecraft:walk_on_water_one_cm":6630,"minecraft:interact_with_smoker":1,"minecraft:total_world_time":63647,"minecraft:fall_one_cm":39590},"minecraft:crafted":{"minecraft:cooked_beef":10,"minecraft:oak_planks":24,"minecraft:cooked_porkchop":11,"minecraft:crafting_table":1,"comforts:sleeping_bag_white":2,"minecraft:wooden_pickaxe":1,"minecraft:furnace":1,"minecraft:bucket":1,"minecraft:stone_axe":1,"minecraft:cooked_mutton":7,"minecraft:air":0,"minecraft:iron_axe":1,"minecraft:stick":16,"minecraft:iron_ingot":11,"minecraft:iron_pickaxe":1,"minecraft:stone_pickaxe":1,"minecraft:chest":1,"minecraft:acacia_planks":56,"minecraft:torch":4},"minecraft:killed":{"minecraft:pig":7,"minecraft:sheep":6,"minecraft:zombie":1,"minecraft:cow":16},"minecraft:mined":{"minecraft:acacia_leaves":1,"minecraft:deepslate_diamond_ore":3,"minecraft:crafting_table":5,"minecraft:torch":2,"gravestone:gravestone":1,"minecraft:granite":3,"minecraft:acacia_log":14,"minecraft:grass_block":1,"minecraft:chest":1,"minecraft:tall_grass":5,"minecraft:cobblestone":11,"minecraft:moss_block":1,"minecraft:wall_torch":1,"minecraft:furnace":2,"minecraft:iron_ore":18,"minecraft:cobbled_deepslate":1,"minecraft:brown_wall_banner":6,"minecraft:grass":14,"minecraft:oak_log":6,"minecraft:coal_ore":9,"minecraft:deepslate_iron_ore":4,"minecraft:dirt":2,"minecraft:stone":82,"minecraft:oak_leaves":3,"minecraft:green_bed":1,"minecraft:deepslate":11},"minecraft:used":{"minecraft:moss_block":1,"minecraft:water_bucket":1,"minecraft:stone_pickaxe":60,"minecraft:chest":2,"minecraft:wooden_pickaxe":4,"minecraft:green_bed":1,"minecraft:torch":4,"minecraft:dirt":3,"minecraft:crafting_table":6,"minecraft:granite":3,"minecraft:iron_axe":3,"minecraft:iron_pickaxe":92,"minecraft:stone_axe":74,"minecraft:cobblestone":65,"minecraft:furnace":3,"minecraft:cooked_porkchop":8,"minecraft:bucket":2,"comforts:sleeping_bag_white":1,"minecraft:cobbled_deepslate":1,"minecraft:acacia_planks":28}},"DataVersion":3465}