{"stats":{"minecraft:killed_by":{"minecraft:zombie":1},"minecraft:picked_up":{"minecraft:stick":1,"minecraft:crafting_table":1,"minecraft:oak_log":6,"minecraft:moss_block":1,"minecraft:coal":1,"minecraft:dirt":1,"minecraft:cobblestone":41},"minecraft:dropped":{"minecraft:wooden_pickaxe":1},"minecraft:custom":{"minecraft:time_since_rest":6,"minecraft:deaths":1,"minecraft:play_time":13128,"minecraft:sprint_one_cm":14998,"minecraft:damage_taken":210,"minecraft:walk_one_cm":15929,"minecraft:sneak_time":7,"minecraft:walk_under_water_one_cm":1188,"minecraft:drop":1,"minecraft:jump":191,"minecraft:leave_game":3,"minecraft:time_since_death":0,"minecraft:walk_on_water_one_cm":127,"minecraft:swim_one_cm":2179,"minecraft:total_world_time":13128,"minecraft:interact_with_crafting_table":2,"minecraft:fly_one_cm":39492,"minecraft:fall_one_cm":6738},"minecraft:crafted":{"minecraft:oak_planks":24,"minecraft:crafting_table":1,"minecraft:stick":8,"minecraft:wooden_pickaxe":1,"minecraft:stone_pickaxe":1},"minecraft:mined":{"minecraft:oak_log":6,"minecraft:grass_block":1,"minecraft:coal_ore":1,"minecraft:tall_grass":2,"minecraft:cobblestone":3,"minecraft:stone":38,"minecraft:moss_block":1,"minecraft:oak_leaves":3,"minecraft:crafting_table":1},"minecraft:used":{"minecraft:moss_block":1,"minecraft:crafting_table":1,"minecraft:stone_pickaxe":39,"minecraft:wooden_pickaxe":4}},"DataVersion":3465}