{"stats":{"minecraft:killed_by":{"minecraft:husk":1,"minecraft:creeper":2,"minecraft:vindicator":1,"minecraft:zombie":3},"minecraft:picked_up":{"minecraft:wooden_axe":2,"minecraft:charcoal":10,"minecraft:crafting_table":14,"minecraft:flower_pot":6,"minecraft:smithing_table":1,"minecraft:wooden_pickaxe":1,"minecraft:oak_stairs":1,"minecraft:acacia_pressure_plate":2,"gravestone:obituary":11,"minecraft:shield":1,"minecraft:amethyst_block":6,"minecraft:cornflower":1,"minecraft:polished_deepslate":26,"minecraft:string":89,"minecraft:moss_carpet":2,"minecraft:item_frame":2,"minecraft:blackstone":26,"minecraft:blue_orchid":10,"minecraft:cobbled_deepslate":677,"minecraft:bucket":1,"comforts:sleeping_bag_white":18,"minecraft:spruce_planks":62,"minecraft:beef":37,"minecraft:calcite":9,"minecraft:poppy":1,"hangglider:hang_glider":1,"minecraft:sugar_cane":16,"minecraft:chest":6,"minecraft:birch_sapling":7,"minecraft:furnace":7,"minecraft:egg":2,"minecraft:raw_iron":116,"minecraft:stick":62,"minecraft:sandstone":10,"minecraft:jungle_door":1,"minecraft:oak_fence":5,"minecraft:torch":19,"minecraft:acacia_log":55,"minecraft:green_bed":4,"minecraft:spruce_stairs":11,"minecraft:porkchop":11,"minecraft:honeycomb_block":6,"minecraft:arrow":11,"minecraft:rotten_flesh":24,"minecraft:deepslate_bricks":157,"minecraft:hay_block":3,"minecraft:pink_tulip":17,"minecraft:mangrove_roots":5,"minecraft:mutton":8,"minecraft:white_wool":15,"minecraft:cobblestone":414,"minecraft:oxeye_daisy":8,"minecraft:birch_log":25,"minecraft:magma_block":1,"minecraft:purple_dye":1,"minecraft:lilac":1,"minecraft:leather":17,"minecraft:smoker":1,"minecraft:filled_map":1,"minecraft:flint":2,"minecraft:tuff":118,"minecraft:oak_log":96,"minecraft:yellow_bed":4,"minecraft:magenta_bed":3,"minecraft:acacia_boat":4,"minecraft:dirt":636,"minecraft:lantern":11,"minecraft:bone":10,"minecraft:acacia_planks":30,"minecraft:apple":3,"minecraft:bow":4,"minecraft:wheat_seeds":6,"minecraft:acacia_trapdoor":3,"minecraft:stone_pickaxe":2,"minecraft:cyan_candle":4,"minecraft:moss_block":4,"minecraft:magenta_candle":21,"minecraft:oak_planks":10,"minecraft:flowering_azalea":2,"minecraft:book":105,"minecraft:black_candle":1,"minecraft:gravel":35,"minecraft:sand":12,"minecraft:amethyst_shard":8,"simplyswords:gold_warglaive":3,"minecraft:stripped_spruce_log":158,"minecraft:spruce_sapling":39,"minecraft:blast_furnace":1,"minecraft:spruce_log":550,"minecraft:orange_candle":4,"minecraft:spider_eye":4,"minecraft:mossy_cobblestone":1,"simplyswords:diamond_greathammer":1,"minecraft:diamond":40,"minecraft:stone_axe":1,"minecraft:honey_block":4,"minecraft:granite":74,"minecraft:painting":32,"minecraft:emerald":1,"minecraft:oak_sapling":33,"minecraft:brown_banner":6,"minecraft:mangrove_propagule":1,"minecraft:coal":50},"minecraft:custom":{"minecraft:mob_kills":67,"minecraft:interact_with_crafting_table":74,"minecraft:open_barrel":26,"minecraft:bell_ring":5,"minecraft:eat_cake_slice":2,"minecraft:leave_game":14,"minecraft:time_since_death":165829,"minecraft:climb_one_cm":64758,"minecraft:sprint_one_cm":1028796,"minecraft:walk_one_cm":1542622,"minecraft:damage_blocked_by_shield":400,"minecraft:drop":68,"minecraft:talked_to_villager":4,"minecraft:play_time":592235,"minecraft:sneak_time":10146,"minecraft:deaths":10,"minecraft:walk_under_water_one_cm":48983,"minecraft:boat_one_cm":492861,"minecraft:jump":8976,"minecraft:interact_with_blast_furnace":2,"minecraft:walk_on_water_one_cm":61119,"minecraft:total_world_time":592235,"minecraft:interact_with_furnace":55,"minecraft:pot_flower":4,"minecraft:sleep_in_bed":38,"minecraft:time_since_rest":1154,"minecraft:damage_taken":9319,"minecraft:damage_dealt":7593,"minecraft:swim_one_cm":56460,"minecraft:fly_one_cm":1975885,"minecraft:open_chest":185,"minecraft:crouch_one_cm":22020,"minecraft:interact_with_smoker":2,"minecraft:fall_one_cm":255214},"minecraft:dropped":{"minecraft:moss_block":3,"minecraft:cobblestone":4,"minecraft:stick":8,"minecraft:dirt":1,"minecraft:mutton":1,"minecraft:wooden_axe":2,"gravestone:obituary":14,"minecraft:oak_stairs":1,"minecraft:white_wool":1,"minecraft:acacia_planks":6,"minecraft:gravel":2,"minecraft:stone_axe":2,"minecraft:blackstone":1,"hangglider:hang_glider":1,"minecraft:tuff":14,"minecraft:rotten_flesh":15,"minecraft:cooked_mutton":7,"minecraft:filled_map":1,"minecraft:poppy":1,"minecraft:oak_sapling":1,"minecraft:spider_eye":2,"simplyswords:diamond_greathammer":1,"comforts:sleeping_bag_white":1,"minecraft:sandstone":10,"minecraft:bow":3,"minecraft:stone_pickaxe":4,"minecraft:wooden_pickaxe":3,"minecraft:acacia_pressure_plate":2},"minecraft:crafted":{"hangglider:glider_framework":1,"minecraft:oak_planks":204,"simplyswords:diamond_greathammer":1,"minecraft:spyglass":1,"minecraft:acacia_pressure_plate":1,"minecraft:iron_nugget":9,"comforts:sleeping_bag_white":2,"hangglider:hang_glider":1,"minecraft:furnace":2,"minecraft:diamond_shovel":1,"hangglider:glider_wing":2,"minecraft:cooked_mutton":7,"minecraft:flint_and_steel":1,"minecraft:spruce_stairs":32,"minecraft:polished_deepslate":256,"minecraft:iron_axe":6,"minecraft:ladder":114,"minecraft:spruce_slab":42,"minecraft:stone_pickaxe":2,"minecraft:chest":6,"minecraft:diamond_boots":1,"sophisticatedbackpacks:iron_backpack":1,"minecraft:cooked_beef":14,"minecraft:item_frame":1,"minecraft:emerald":9,"sophisticatedbackpacks:backpack":1,"minecraft:cooked_porkchop":11,"minecraft:crafting_table":7,"minecraft:spruce_planks":192,"minecraft:wooden_pickaxe":2,"minecraft:iron_helmet":1,"minecraft:acacia_trapdoor":2,"minecraft:bucket":2,"minecraft:birch_planks":72,"minecraft:campfire":1,"minecraft:stone_axe":2,"minecraft:acacia_boat":1,"minecraft:air":0,"minecraft:spruce_trapdoor":16,"minecraft:iron_chestplate":1,"minecraft:diamond_pickaxe":1,"minecraft:shield":2,"minecraft:stick":352,"minecraft:iron_ingot":116,"minecraft:iron_pickaxe":3,"minecraft:wooden_axe":1,"minecraft:iron_shovel":1,"minecraft:iron_leggings":1,"morebows:diamond_bow":1,"minecraft:acacia_planks":220,"minecraft:torch":8,"minecraft:deepslate_bricks":240},"minecraft:killed":{"minecraft:cave_spider":4,"minecraft:witch":2,"minecraft:spider":6,"minecraft:skeleton":9,"minecraft:husk":1,"minecraft:pig":7,"minecraft:creeper":2,"minecraft:sheep":7,"minecraft:pillager":1,"minecraft:zombie":11,"minecraft:cow":17},"minecraft:mined":{"minecraft:large_amethyst_bud":3,"minecraft:tuff":105,"minecraft:spruce_planks":65,"minecraft:mossy_cobblestone":1,"minecraft:deepslate_diamond_ore":41,"minecraft:potted_flowering_azalea_bush":2,"minecraft:potted_blue_orchid":1,"minecraft:mangrove_roots":5,"gravestone:gravestone":9,"minecraft:granite":50,"minecraft:acacia_log":55,"minecraft:grass_block":412,"minecraft:orange_candle":1,"minecraft:deepslate_bricks":157,"minecraft:spruce_leaves":26,"minecraft:moss_block":4,"minecraft:oxeye_daisy":6,"minecraft:sandstone":16,"minecraft:mangrove_propagule":1,"minecraft:spawner":1,"comforts:sleeping_bag_white":1,"minecraft:hay_block":3,"minecraft:magma_block":1,"minecraft:spruce_sapling":1,"minecraft:furnace":7,"minecraft:acacia_trapdoor":3,"minecraft:iron_ore":52,"minecraft:cobbled_deepslate":28,"minecraft:stripped_spruce_log":159,"minecraft:moss_carpet":2,"minecraft:polished_deepslate":22,"minecraft:bookshelf":35,"minecraft:deepslate_iron_ore":67,"minecraft:flowering_azalea_leaves":1,"minecraft:oak_stairs":1,"minecraft:lantern":8,"minecraft:pink_tulip":17,"minecraft:stone":349,"minecraft:blue_orchid":9,"minecraft:green_bed":4,"minecraft:tripwire":1,"minecraft:smithing_table":1,"minecraft:acacia_leaves":4,"minecraft:jungle_door":1,"minecraft:blackstone":23,"minecraft:medium_amethyst_bud":2,"minecraft:smoker":1,"minecraft:amethyst_cluster":2,"minecraft:cornflower":1,"minecraft:crafting_table":13,"minecraft:torch":8,"minecraft:honey_block":4,"minecraft:blast_furnace":1,"minecraft:calcite":9,"minecraft:chest":6,"minecraft:campfire":3,"minecraft:tall_grass":8,"minecraft:potted_oxeye_daisy":1,"minecraft:honeycomb_block":6,"minecraft:cobblestone":33,"minecraft:potted_oak_sapling":1,"minecraft:sugar_cane":8,"minecraft:wall_torch":11,"minecraft:amethyst_block":6,"minecraft:spruce_stairs":11,"minecraft:birch_log":25,"minecraft:magenta_bed":3,"minecraft:spruce_log":553,"minecraft:brown_wall_banner":6,"minecraft:birch_leaves":5,"minecraft:magenta_candle":7,"minecraft:potted_poppy":1,"minecraft:yellow_bed":4,"minecraft:grass":56,"minecraft:coal_ore":23,"minecraft:oak_log":94,"minecraft:gravel":36,"minecraft:dirt":199,"minecraft:sand":7,"minecraft:cobweb":76,"minecraft:oak_leaves":69,"minecraft:deepslate":616},"minecraft:used":{"minecraft:moss_block":1,"minecraft:iron_shovel":251,"minecraft:flint_and_steel":20,"minecraft:polished_deepslate":26,"minecraft:spruce_slab":12,"minecraft:chest":11,"morebows:diamond_bow":33,"minecraft:ladder":111,"minecraft:spruce_planks":64,"minecraft:shield":12,"simplyswords:gold_warglaive":2,"minecraft:torch":73,"minecraft:dirt":243,"minecraft:spruce_stairs":36,"minecraft:orange_candle":4,"minecraft:tuff":50,"minecraft:granite":50,"minecraft:stripped_spruce_log":143,"minecraft:lantern":11,"minecraft:iron_axe":1323,"simplyswords:diamond_greathammer":152,"minecraft:item_frame":3,"minecraft:hay_block":2,"minecraft:oak_sapling":13,"minecraft:furnace":7,"minecraft:egg":2,"comforts:sleeping_bag_white":18,"minecraft:cooked_beef":43,"minecraft:cobbled_deepslate":151,"minecraft:acacia_planks":98,"minecraft:water_bucket":26,"minecraft:acacia_boat":4,"minecraft:pink_tulip":16,"minecraft:acacia_trapdoor":2,"minecraft:baked_potato":19,"minecraft:stone_pickaxe":127,"minecraft:cyan_candle":4,"minecraft:blackstone":19,"minecraft:wooden_pickaxe":34,"minecraft:sugar_cane":16,"minecraft:green_bed":3,"minecraft:deepslate_bricks":325,"minecraft:mossy_cobblestone":1,"minecraft:crafting_table":17,"minecraft:blast_furnace":1,"minecraft:campfire":1,"minecraft:painting":32,"minecraft:spruce_log":164,"minecraft:oak_log":15,"minecraft:flower_pot":4,"minecraft:diamond_pickaxe":418,"minecraft:oxeye_daisy":6,"minecraft:diamond_shovel":187,"minecraft:spruce_trapdoor":2,"minecraft:iron_pickaxe":1110,"minecraft:bread":52,"minecraft:string":1,"minecraft:gravel":4,"minecraft:spruce_sapling":38,"minecraft:lilac":1,"minecraft:stone_axe":85,"minecraft:cobblestone":135,"minecraft:cooked_porkchop":11,"minecraft:jungle_door":1,"minecraft:bucket":27,"minecraft:pumpkin_pie":1,"minecraft:yellow_bed":4},"minecraft:broken":{"minecraft:iron_shovel":1,"minecraft:iron_axe":5,"minecraft:iron_pickaxe":4}},"DataVersion":3465}