{"stats":{"minecraft:killed_by":{"minecraft:zombie":1},"minecraft:picked_up":{"minecraft:crafting_table":5,"minecraft:stick":2,"minecraft:raw_iron":11,"minecraft:leather":17,"minecraft:torch":2,"minecraft:acacia_log":7,"minecraft:porkchop":11,"minecraft:oak_log":6,"minecraft:dirt":3,"comforts:sleeping_bag_white":1,"minecraft:granite":3,"minecraft:beef":37,"minecraft:moss_block":1,"minecraft:mutton":7,"minecraft:coal":9,"minecraft:white_wool":6,"minecraft:cobblestone":81,"minecraft:furnace":2},"minecraft:dropped":{"comforts:sleeping_bag_white":1,"gravestone:obituary":1,"minecraft:cooked_mutton":7,"minecraft:wooden_pickaxe":1},"minecraft:custom":{"minecraft:time_since_rest":4892,"minecraft:interact_with_furnace":17,"minecraft:sprint_one_cm":79782,"minecraft:damage_taken":480,"minecraft:walk_one_cm":101076,"minecraft:mob_kills":29,"minecraft:drop":4,"minecraft:damage_dealt":2780,"minecraft:swim_one_cm":4163,"minecraft:interact_with_crafting_table":10,"minecraft:fly_one_cm":180943,"minecraft:crouch_one_cm":2710,"minecraft:play_time":45445,"minecraft:deaths":1,"minecraft:sneak_time":655,"minecraft:walk_under_water_one_cm":3216,"minecraft:jump":913,"minecraft:leave_game":4,"minecraft:time_since_death":32235,"minecraft:walk_on_water_one_cm":826,"minecraft:sleep_in_bed":1,"minecraft:total_world_time":45445,"minecraft:fall_one_cm":25855},"minecraft:crafted":{"minecraft:cooked_beef":3,"minecraft:oak_planks":24,"minecraft:cooked_porkchop":11,"minecraft:crafting_table":1,"minecraft:stick":8,"comforts:sleeping_bag_white":2,"minecraft:wooden_pickaxe":1,"minecraft:iron_ingot":6,"minecraft:iron_pickaxe":1,"minecraft:stone_pickaxe":1,"minecraft:furnace":1,"minecraft:acacia_planks":28,"minecraft:torch":4,"minecraft:stone_axe":1,"minecraft:air":0,"minecraft:cooked_mutton":7},"minecraft:killed":{"minecraft:sheep":6,"minecraft:pig":7,"minecraft:cow":16},"minecraft:mined":{"minecraft:furnace":2,"minecraft:iron_ore":11,"minecraft:torch":2,"minecraft:crafting_table":5,"gravestone:gravestone":1,"minecraft:granite":3,"minecraft:grass":13,"minecraft:acacia_log":7,"minecraft:grass_block":1,"minecraft:oak_log":6,"minecraft:coal_ore":9,"minecraft:dirt":2,"minecraft:tall_grass":4,"minecraft:cobblestone":3,"minecraft:stone":78,"minecraft:moss_block":1,"minecraft:oak_leaves":3},"minecraft:used":{"minecraft:moss_block":1,"minecraft:stone_pickaxe":60,"minecraft:iron_pickaxe":54,"minecraft:wooden_pickaxe":4,"minecraft:torch":2,"minecraft:stone_axe":57,"minecraft:dirt":3,"minecraft:cobblestone":12,"minecraft:crafting_table":5,"minecraft:furnace":2,"minecraft:cooked_porkchop":5,"comforts:sleeping_bag_white":1,"minecraft:granite":3,"minecraft:acacia_planks":28}},"DataVersion":3465}