{"stats":{"minecraft:killed_by":{"minecraft:husk":1,"minecraft:creeper":1,"minecraft:zombie":3},"minecraft:picked_up":{"minecraft:wooden_axe":2,"minecraft:magma_block":1,"minecraft:crafting_table":9,"minecraft:leather":17,"minecraft:wooden_pickaxe":1,"minecraft:acacia_pressure_plate":2,"minecraft:filled_map":1,"minecraft:tuff":21,"minecraft:oak_log":6,"gravestone:obituary":11,"minecraft:shield":1,"minecraft:dirt":3,"minecraft:string":4,"minecraft:acacia_planks":30,"minecraft:bone":3,"minecraft:blackstone":20,"minecraft:bow":3,"minecraft:acacia_trapdoor":3,"minecraft:cobbled_deepslate":201,"minecraft:bucket":1,"comforts:sleeping_bag_white":1,"minecraft:stone_pickaxe":1,"minecraft:beef":37,"minecraft:moss_block":1,"minecraft:chest":2,"minecraft:furnace":4,"minecraft:stick":2,"minecraft:raw_iron":59,"minecraft:sandstone":8,"minecraft:jungle_door":1,"minecraft:torch":3,"minecraft:green_bed":3,"minecraft:acacia_log":29,"minecraft:gravel":2,"minecraft:porkchop":11,"minecraft:sand":10,"minecraft:spider_eye":2,"minecraft:arrow":4,"minecraft:rotten_flesh":16,"minecraft:diamond":18,"minecraft:stone_axe":1,"minecraft:granite":74,"minecraft:brown_banner":6,"minecraft:mutton":7,"minecraft:coal":36,"minecraft:white_wool":6,"minecraft:cobblestone":230},"minecraft:custom":{"minecraft:interact_with_furnace":39,"minecraft:mob_kills":40,"minecraft:interact_with_crafting_table":28,"minecraft:bell_ring":5,"minecraft:leave_game":6,"minecraft:time_since_death":41010,"minecraft:sleep_in_bed":4,"minecraft:climb_one_cm":5569,"minecraft:time_since_rest":42897,"minecraft:sprint_one_cm":202595,"minecraft:damage_taken":4190,"minecraft:walk_one_cm":316908,"minecraft:damage_blocked_by_shield":400,"minecraft:drop":52,"minecraft:damage_dealt":4748,"minecraft:swim_one_cm":7265,"minecraft:fly_one_cm":432689,"minecraft:open_chest":26,"minecraft:crouch_one_cm":8347,"minecraft:play_time":133770,"minecraft:deaths":8,"minecraft:sneak_time":2910,"minecraft:walk_under_water_one_cm":21403,"minecraft:jump":2258,"minecraft:walk_on_water_one_cm":21579,"minecraft:total_world_time":133770,"minecraft:interact_with_smoker":1,"minecraft:fall_one_cm":78236},"minecraft:dropped":{"minecraft:gravel":2,"minecraft:stone_axe":2,"minecraft:blackstone":1,"minecraft:tuff":14,"minecraft:cobblestone":4,"minecraft:rotten_flesh":14,"minecraft:cooked_mutton":7,"minecraft:filled_map":1,"minecraft:wooden_axe":2,"minecraft:stone_pickaxe":3,"gravestone:obituary":14,"minecraft:spider_eye":2,"comforts:sleeping_bag_white":1,"minecraft:sandstone":8,"minecraft:bow":2,"minecraft:wooden_pickaxe":3,"minecraft:acacia_pressure_plate":2,"minecraft:acacia_planks":6},"minecraft:crafted":{"minecraft:cooked_beef":14,"minecraft:oak_planks":24,"sophisticatedbackpacks:backpack":1,"minecraft:cooked_porkchop":11,"minecraft:crafting_table":3,"minecraft:acacia_pressure_plate":1,"comforts:sleeping_bag_white":2,"minecraft:wooden_pickaxe":2,"minecraft:acacia_trapdoor":2,"minecraft:furnace":2,"minecraft:bucket":2,"minecraft:stone_axe":2,"minecraft:cooked_mutton":7,"minecraft:air":0,"minecraft:shield":2,"minecraft:iron_axe":1,"minecraft:stick":28,"minecraft:iron_ingot":19,"minecraft:iron_pickaxe":2,"minecraft:stone_pickaxe":2,"minecraft:wooden_axe":1,"minecraft:chest":2,"minecraft:acacia_planks":116,"minecraft:torch":8},"minecraft:killed":{"minecraft:husk":1,"minecraft:pig":7,"minecraft:spider":2,"minecraft:skeleton":5,"minecraft:sheep":6,"minecraft:zombie":3,"minecraft:cow":16},"minecraft:mined":{"minecraft:tuff":7,"minecraft:acacia_leaves":2,"minecraft:jungle_door":1,"minecraft:blackstone":23,"minecraft:deepslate_diamond_ore":19,"minecraft:crafting_table":9,"minecraft:torch":2,"gravestone:gravestone":7,"minecraft:granite":50,"minecraft:acacia_log":29,"minecraft:grass_block":1,"minecraft:chest":2,"minecraft:tall_grass":5,"minecraft:cobblestone":16,"minecraft:moss_block":1,"minecraft:sandstone":16,"minecraft:wall_torch":1,"minecraft:magma_block":1,"minecraft:furnace":4,"minecraft:acacia_trapdoor":3,"minecraft:iron_ore":48,"minecraft:cobbled_deepslate":1,"minecraft:brown_wall_banner":6,"minecraft:grass":15,"minecraft:oak_log":6,"minecraft:coal_ore":23,"minecraft:deepslate_iron_ore":14,"minecraft:gravel":1,"minecraft:sand":5,"minecraft:dirt":2,"minecraft:stone":172,"minecraft:oak_leaves":3,"minecraft:deepslate":168,"minecraft:green_bed":3},"minecraft:used":{"minecraft:moss_block":1,"minecraft:water_bucket":7,"minecraft:acacia_trapdoor":2,"minecraft:stone_pickaxe":127,"minecraft:chest":3,"minecraft:wooden_pickaxe":34,"minecraft:blackstone":19,"minecraft:shield":12,"minecraft:green_bed":3,"minecraft:torch":4,"minecraft:dirt":3,"minecraft:crafting_table":11,"minecraft:granite":50,"minecraft:iron_axe":36,"minecraft:iron_pickaxe":414,"minecraft:stone_axe":85,"minecraft:cobblestone":92,"minecraft:furnace":5,"minecraft:cooked_porkchop":8,"minecraft:jungle_door":1,"minecraft:bucket":8,"minecraft:pumpkin_pie":1,"minecraft:cooked_beef":13,"comforts:sleeping_bag_white":1,"minecraft:cobbled_deepslate":29,"minecraft:acacia_planks":28}},"DataVersion":3465}