{"stats":{"minecraft:killed_by":{"minecraft:creeper":2,"minecraft:vindicator":1,"minecraft:zombie":3,"minecraft:husk":1},"minecraft:picked_up":{"minecraft:wooden_axe":2,"minecraft:flower_pot":7,"minecraft:smithing_table":1,"minecraft:lead":3,"minecraft:oak_stairs":1,"minecraft:acacia_pressure_plate":2,"minecraft:amethyst_block":6,"minecraft:polished_deepslate":26,"minecraft:string":89,"minecraft:cobbled_deepslate":690,"minecraft:bucket":1,"comforts:sleeping_bag_white":18,"minecraft:spruce_planks":65,"minecraft:calcite":9,"hangglider:hang_glider":1,"minecraft:furnace":7,"minecraft:stick":83,"minecraft:jungle_door":1,"minecraft:oak_fence":5,"minecraft:green_bed":4,"minecraft:torch":41,"minecraft:acacia_log":55,"minecraft:spruce_stairs":23,"minecraft:porkchop":41,"minecraft:honeycomb_block":6,"minecraft:rotten_flesh":26,"minecraft:mangrove_roots":5,"minecraft:deepslate_brick_stairs":4,"minecraft:cobblestone":414,"minecraft:birch_log":25,"minecraft:magma_block":1,"minecraft:lilac":1,"minecraft:smoker":1,"minecraft:flint":2,"minecraft:tuff":118,"minecraft:magenta_bed":3,"minecraft:acacia_boat":4,"minecraft:dirt":754,"minecraft:lantern":16,"minecraft:bone":10,"minecraft:acacia_planks":30,"minecraft:bow":4,"minecraft:wheat_seeds":6,"minecraft:cyan_candle":4,"minecraft:moss_block":4,"minecraft:magenta_candle":21,"minecraft:oak_planks":10,"minecraft:sand":33,"minecraft:stripped_spruce_log":183,"minecraft:mossy_cobblestone":1,"minecraft:diamond":40,"minecraft:granite":74,"minecraft:emerald":1,"minecraft:oak_sapling":39,"minecraft:charcoal":10,"minecraft:crafting_table":17,"minecraft:wooden_pickaxe":1,"gravestone:obituary":11,"minecraft:shield":1,"minecraft:cornflower":1,"minecraft:moss_carpet":2,"minecraft:item_frame":2,"minecraft:blackstone":26,"minecraft:blue_orchid":10,"minecraft:beef":38,"minecraft:chest":22,"minecraft:poppy":1,"minecraft:spruce_slab":18,"minecraft:sugar_cane":16,"minecraft:birch_sapling":9,"minecraft:spruce_trapdoor":14,"minecraft:egg":2,"minecraft:raw_iron":116,"minecraft:sandstone":10,"minecraft:spruce_fence":1,"minecraft:arrow":11,"minecraft:deepslate_bricks":173,"minecraft:hay_block":3,"minecraft:pink_tulip":18,"minecraft:mutton":8,"minecraft:white_wool":15,"minecraft:oxeye_daisy":24,"minecraft:purple_dye":1,"minecraft:leather":18,"minecraft:filled_map":1,"minecraft:oak_log":102,"minecraft:yellow_bed":4,"minecraft:apple":3,"minecraft:acacia_trapdoor":3,"minecraft:stone_pickaxe":2,"minecraft:flowering_azalea":3,"minecraft:book":105,"minecraft:black_candle":1,"minecraft:gravel":35,"minecraft:amethyst_shard":8,"simplyswords:gold_warglaive":3,"minecraft:spruce_sapling":70,"minecraft:blast_furnace":2,"minecraft:orange_candle":4,"minecraft:spruce_log":605,"minecraft:spruce_door":2,"minecraft:spider_eye":4,"simplyswords:diamond_greathammer":1,"minecraft:stone_axe":1,"minecraft:honey_block":4,"minecraft:painting":32,"minecraft:brown_banner":6,"minecraft:coal":50,"minecraft:mangrove_propagule":1},"minecraft:custom":{"minecraft:animals_bred":2,"minecraft:interact_with_crafting_table":109,"minecraft:open_barrel":26,"minecraft:bell_ring":5,"minecraft:eat_cake_slice":2,"minecraft:leave_game":15,"minecraft:time_since_death":282179,"minecraft:sprint_one_cm":1263370,"minecraft:damage_blocked_by_shield":400,"minecraft:drop":68,"minecraft:talked_to_villager":4,"minecraft:play_time":708585,"minecraft:deaths":10,"minecraft:jump":10193,"minecraft:walk_on_water_one_cm":64083,"minecraft:interact_with_furnace":70,"minecraft:sleep_in_bed":45,"minecraft:damage_dealt":8859,"minecraft:crouch_one_cm":25746,"minecraft:interact_with_smoker":3,"minecraft:mob_kills":81,"minecraft:climb_one_cm":64758,"minecraft:walk_one_cm":1982452,"minecraft:sneak_time":12005,"minecraft:walk_under_water_one_cm":55317,"minecraft:boat_one_cm":492861,"minecraft:interact_with_blast_furnace":5,"minecraft:total_world_time":708585,"minecraft:pot_flower":7,"minecraft:time_since_rest":9868,"minecraft:damage_taken":9609,"minecraft:swim_one_cm":61548,"minecraft:fly_one_cm":2257610,"minecraft:open_chest":236,"minecraft:fall_one_cm":277750},"minecraft:dropped":{"minecraft:moss_block":3,"minecraft:dirt":1,"minecraft:mutton":1,"gravestone:obituary":14,"minecraft:white_wool":1,"minecraft:gravel":2,"minecraft:stone_axe":2,"minecraft:blackstone":1,"hangglider:hang_glider":1,"minecraft:rotten_flesh":15,"minecraft:cooked_mutton":7,"minecraft:poppy":1,"simplyswords:diamond_greathammer":1,"comforts:sleeping_bag_white":1,"minecraft:acacia_pressure_plate":2,"minecraft:cobblestone":4,"minecraft:stick":8,"minecraft:wooden_axe":2,"minecraft:oak_stairs":1,"minecraft:acacia_planks":6,"minecraft:tuff":14,"minecraft:filled_map":1,"minecraft:oak_sapling":1,"minecraft:spider_eye":2,"minecraft:sandstone":10,"minecraft:bow":3,"minecraft:stone_pickaxe":4,"minecraft:wooden_pickaxe":3},"minecraft:crafted":{"minecraft:oak_planks":256,"minecraft:acacia_pressure_plate":1,"hangglider:hang_glider":1,"minecraft:diamond_shovel":1,"minecraft:cooked_mutton":7,"minecraft:spruce_pressure_plate":2,"minecraft:deepslate_brick_stairs":32,"minecraft:glass":16,"minecraft:chest":22,"minecraft:stone_hoe":1,"minecraft:item_frame":9,"sophisticatedbackpacks:backpack":1,"minecraft:emerald":9,"minecraft:cooked_porkchop":41,"minecraft:crafting_table":7,"minecraft:spruce_planks":456,"minecraft:wooden_pickaxe":2,"minecraft:iron_helmet":1,"minecraft:spruce_door":3,"minecraft:birch_planks":100,"minecraft:campfire":1,"minecraft:spruce_trapdoor":42,"minecraft:iron_chestplate":1,"minecraft:diamond_pickaxe":1,"minecraft:shield":2,"minecraft:stick":464,"minecraft:iron_ingot":116,"minecraft:iron_pickaxe":3,"morebows:diamond_bow":1,"minecraft:spruce_fence_gate":2,"minecraft:deepslate_bricks":240,"hangglider:glider_framework":1,"simplyswords:diamond_greathammer":1,"minecraft:iron_nugget":81,"minecraft:spyglass":1,"comforts:sleeping_bag_white":2,"minecraft:furnace":2,"hangglider:glider_wing":2,"minecraft:spruce_fence":51,"minecraft:glass_pane":16,"minecraft:flint_and_steel":1,"minecraft:lantern":9,"minecraft:spruce_stairs":48,"minecraft:polished_deepslate":256,"minecraft:iron_axe":7,"minecraft:ladder":114,"minecraft:spruce_slab":66,"minecraft:stone_pickaxe":2,"minecraft:diamond_boots":1,"minecraft:wheat":9,"sophisticatedbackpacks:iron_backpack":1,"minecraft:cooked_beef":15,"minecraft:acacia_trapdoor":2,"minecraft:bucket":2,"minecraft:stone_axe":2,"minecraft:acacia_boat":1,"minecraft:air":0,"minecraft:wooden_axe":1,"minecraft:iron_shovel":1,"minecraft:iron_leggings":1,"minecraft:acacia_planks":220,"minecraft:torch":44},"minecraft:killed":{"minecraft:cave_spider":4,"minecraft:witch":2,"minecraft:spider":6,"minecraft:skeleton":9,"minecraft:pig":19,"minecraft:creeper":2,"minecraft:sheep":7,"minecraft:pillager":1,"minecraft:zombie":12,"minecraft:cow":18,"minecraft:husk":1},"minecraft:mined":{"minecraft:large_amethyst_bud":3,"minecraft:spruce_planks":68,"minecraft:oak_sapling":2,"minecraft:potted_blue_orchid":1,"minecraft:spruce_trapdoor":14,"minecraft:granite":50,"minecraft:acacia_log":55,"minecraft:grass_block":497,"minecraft:orange_candle":1,"minecraft:deepslate_bricks":172,"minecraft:oxeye_daisy":22,"minecraft:spawner":1,"comforts:sleeping_bag_white":1,"minecraft:magma_block":1,"minecraft:iron_ore":52,"minecraft:cobbled_deepslate":39,"minecraft:moss_carpet":2,"minecraft:flowering_azalea_leaves":1,"minecraft:oak_stairs":1,"minecraft:deepslate_brick_stairs":4,"minecraft:pink_tulip":18,"minecraft:blue_orchid":9,"minecraft:spruce_slab":18,"minecraft:tripwire":1,"minecraft:green_bed":4,"minecraft:jungle_door":1,"minecraft:blackstone":23,"minecraft:smoker":1,"minecraft:medium_amethyst_bud":2,"minecraft:amethyst_cluster":2,"minecraft:torch":20,"minecraft:blast_furnace":2,"minecraft:calcite":9,"minecraft:chest":22,"minecraft:glass":6,"minecraft:cobblestone":33,"minecraft:honeycomb_block":6,"minecraft:potted_oak_sapling":1,"minecraft:sugar_cane":8,"minecraft:wall_torch":17,"minecraft:amethyst_block":6,"minecraft:birch_sapling":2,"minecraft:birch_log":25,"minecraft:magenta_bed":3,"minecraft:brown_wall_banner":6,"minecraft:potted_poppy":1,"minecraft:grass":63,"minecraft:oak_log":100,"minecraft:sand":30,"minecraft:dirt":226,"minecraft:oak_leaves":107,"minecraft:deepslate":616,"minecraft:tuff":105,"minecraft:mossy_cobblestone":1,"minecraft:deepslate_diamond_ore":41,"minecraft:potted_flowering_azalea_bush":3,"minecraft:mangrove_roots":5,"gravestone:gravestone":9,"minecraft:spruce_fence":1,"minecraft:spruce_leaves":40,"minecraft:moss_block":4,"minecraft:mangrove_propagule":1,"minecraft:sandstone":16,"minecraft:large_fern":3,"minecraft:hay_block":3,"minecraft:spruce_sapling":2,"minecraft:furnace":7,"minecraft:acacia_trapdoor":3,"minecraft:stripped_spruce_log":185,"minecraft:polished_deepslate":22,"minecraft:bookshelf":35,"minecraft:deepslate_iron_ore":67,"minecraft:lantern":13,"minecraft:stone":349,"minecraft:smithing_table":1,"minecraft:acacia_leaves":4,"minecraft:spruce_door":1,"minecraft:crafting_table":16,"minecraft:cornflower":1,"minecraft:honey_block":4,"minecraft:campfire":3,"minecraft:potted_oxeye_daisy":1,"minecraft:tall_grass":14,"minecraft:spruce_stairs":23,"minecraft:spruce_log":610,"minecraft:birch_leaves":13,"minecraft:magenta_candle":7,"minecraft:yellow_bed":4,"minecraft:coal_ore":23,"minecraft:gravel":36,"minecraft:cobweb":76},"minecraft:used":{"minecraft:moss_block":1,"minecraft:iron_shovel":251,"minecraft:polished_deepslate":26,"minecraft:spruce_slab":80,"minecraft:ladder":111,"minecraft:chest":43,"minecraft:shield":12,"simplyswords:gold_warglaive":2,"minecraft:magenta_candle":7,"minecraft:tuff":50,"minecraft:stripped_spruce_log":155,"minecraft:glass":6,"minecraft:lantern":21,"minecraft:birch_sapling":9,"minecraft:item_frame":11,"minecraft:hay_block":2,"minecraft:furnace":8,"minecraft:oak_sapling":35,"minecraft:egg":2,"minecraft:spruce_door":4,"minecraft:acacia_trapdoor":2,"minecraft:stone_pickaxe":127,"minecraft:blackstone":19,"minecraft:wooden_pickaxe":34,"minecraft:sugar_cane":16,"minecraft:blast_furnace":2,"minecraft:deepslate_brick_stairs":14,"minecraft:bread":52,"minecraft:string":1,"minecraft:gravel":4,"minecraft:lilac":1,"minecraft:flint_and_steel":22,"morebows:diamond_bow":35,"minecraft:spruce_planks":75,"minecraft:stone_hoe":42,"minecraft:torch":90,"minecraft:dirt":327,"minecraft:spruce_stairs":62,"minecraft:spruce_fence":35,"minecraft:granite":50,"minecraft:orange_candle":4,"minecraft:iron_axe":1497,"simplyswords:diamond_greathammer":175,"comforts:sleeping_bag_white":18,"minecraft:cooked_beef":44,"minecraft:acacia_planks":98,"minecraft:cobbled_deepslate":170,"minecraft:wheat_seeds":3,"minecraft:acacia_boat":4,"minecraft:water_bucket":28,"minecraft:pink_tulip":17,"minecraft:cyan_candle":4,"minecraft:baked_potato":22,"minecraft:green_bed":3,"minecraft:spruce_fence_gate":2,"minecraft:deepslate_bricks":352,"minecraft:mossy_cobblestone":1,"minecraft:crafting_table":22,"minecraft:magenta_bed":1,"minecraft:campfire":1,"minecraft:painting":32,"minecraft:spruce_log":164,"minecraft:smoker":1,"minecraft:oak_log":15,"minecraft:flower_pot":7,"minecraft:diamond_pickaxe":455,"minecraft:oxeye_daisy":21,"minecraft:diamond_shovel":318,"minecraft:iron_pickaxe":1110,"minecraft:spruce_pressure_plate":2,"minecraft:spruce_trapdoor":54,"minecraft:spruce_sapling":70,"minecraft:stone_axe":85,"minecraft:cobblestone":135,"minecraft:cooked_porkchop":17,"minecraft:jungle_door":1,"minecraft:bucket":29,"minecraft:glass_pane":6,"minecraft:yellow_bed":4,"minecraft:pumpkin_pie":1},"minecraft:broken":{"minecraft:iron_shovel":1,"minecraft:iron_axe":6,"minecraft:iron_pickaxe":4}},"DataVersion":3465}