{"stats":{"minecraft:killed_by":{"minecraft:husk":1,"minecraft:creeper":1,"minecraft:zombie":3},"minecraft:picked_up":{"minecraft:wooden_axe":2,"minecraft:crafting_table":12,"minecraft:flower_pot":2,"minecraft:wooden_pickaxe":1,"minecraft:oak_stairs":1,"minecraft:acacia_pressure_plate":2,"gravestone:obituary":11,"minecraft:shield":1,"minecraft:string":6,"minecraft:blackstone":26,"minecraft:blue_orchid":6,"minecraft:cobbled_deepslate":201,"minecraft:bucket":1,"comforts:sleeping_bag_white":5,"minecraft:beef":37,"minecraft:chest":2,"minecraft:furnace":7,"minecraft:egg":1,"minecraft:stick":2,"minecraft:raw_iron":59,"minecraft:sandstone":8,"minecraft:jungle_door":1,"minecraft:acacia_log":55,"minecraft:torch":3,"minecraft:green_bed":4,"minecraft:porkchop":11,"minecraft:arrow":5,"minecraft:rotten_flesh":18,"minecraft:mutton":7,"minecraft:cobblestone":231,"minecraft:white_wool":6,"minecraft:magma_block":1,"minecraft:purple_dye":1,"minecraft:leather":17,"minecraft:filled_map":1,"minecraft:flint":1,"minecraft:tuff":21,"minecraft:oak_log":7,"minecraft:acacia_boat":3,"minecraft:dirt":3,"minecraft:lantern":1,"minecraft:bone":3,"minecraft:acacia_planks":30,"minecraft:bow":3,"minecraft:wheat_seeds":4,"minecraft:acacia_trapdoor":3,"minecraft:stone_pickaxe":2,"minecraft:moss_block":1,"minecraft:flowering_azalea":2,"minecraft:book":36,"minecraft:gravel":31,"minecraft:sand":10,"minecraft:spider_eye":3,"minecraft:diamond":18,"minecraft:stone_axe":1,"minecraft:granite":74,"minecraft:brown_banner":6,"minecraft:coal":50},"minecraft:dropped":{"minecraft:cobblestone":4,"minecraft:wooden_axe":2,"gravestone:obituary":14,"minecraft:acacia_planks":6,"minecraft:gravel":2,"minecraft:stone_axe":2,"minecraft:blackstone":1,"minecraft:tuff":14,"minecraft:rotten_flesh":14,"minecraft:cooked_mutton":7,"minecraft:filled_map":1,"minecraft:spider_eye":2,"comforts:sleeping_bag_white":1,"minecraft:sandstone":8,"minecraft:wooden_pickaxe":3,"minecraft:stone_pickaxe":3,"minecraft:bow":2,"minecraft:acacia_pressure_plate":2},"minecraft:custom":{"minecraft:mob_kills":48,"minecraft:interact_with_crafting_table":38,"minecraft:open_barrel":1,"minecraft:bell_ring":5,"minecraft:leave_game":8,"minecraft:time_since_death":120238,"minecraft:climb_one_cm":14748,"minecraft:sprint_one_cm":357968,"minecraft:walk_one_cm":475178,"minecraft:damage_blocked_by_shield":400,"minecraft:drop":52,"minecraft:talked_to_villager":2,"minecraft:play_time":212998,"minecraft:deaths":8,"minecraft:sneak_time":3087,"minecraft:walk_under_water_one_cm":22535,"minecraft:boat_one_cm":263970,"minecraft:jump":3841,"minecraft:walk_on_water_one_cm":25344,"minecraft:total_world_time":212998,"minecraft:interact_with_furnace":49,"minecraft:sleep_in_bed":8,"minecraft:time_since_rest":12241,"minecraft:damage_taken":5062,"minecraft:damage_dealt":5979,"minecraft:swim_one_cm":9609,"minecraft:fly_one_cm":859722,"minecraft:open_chest":73,"minecraft:crouch_one_cm":8631,"minecraft:interact_with_smoker":2,"minecraft:fall_one_cm":126304},"minecraft:crafted":{"hangglider:glider_framework":1,"minecraft:oak_planks":28,"simplyswords:diamond_greathammer":1,"minecraft:acacia_pressure_plate":1,"minecraft:iron_nugget":9,"comforts:sleeping_bag_white":2,"hangglider:hang_glider":1,"minecraft:furnace":2,"hangglider:glider_wing":2,"minecraft:cooked_mutton":7,"minecraft:flint_and_steel":1,"minecraft:iron_axe":1,"minecraft:stone_pickaxe":2,"minecraft:chest":2,"minecraft:diamond_boots":1,"sophisticatedbackpacks:iron_backpack":1,"minecraft:cooked_beef":14,"sophisticatedbackpacks:backpack":1,"minecraft:cooked_porkchop":11,"minecraft:crafting_table":4,"minecraft:wooden_pickaxe":2,"minecraft:iron_helmet":1,"minecraft:acacia_trapdoor":2,"minecraft:bucket":2,"minecraft:stone_axe":2,"minecraft:acacia_boat":1,"minecraft:air":0,"minecraft:iron_chestplate":1,"minecraft:shield":2,"minecraft:stick":32,"minecraft:iron_ingot":59,"minecraft:iron_pickaxe":3,"minecraft:wooden_axe":1,"minecraft:iron_leggings":1,"morebows:diamond_bow":1,"minecraft:acacia_planks":116,"minecraft:torch":8},"minecraft:killed":{"minecraft:spider":6,"minecraft:skeleton":5,"minecraft:husk":1,"minecraft:pig":7,"minecraft:creeper":1,"minecraft:sheep":6,"minecraft:pillager":1,"minecraft:zombie":5,"minecraft:cow":16},"minecraft:mined":{"minecraft:large_amethyst_bud":2,"minecraft:tuff":7,"minecraft:deepslate_diamond_ore":19,"minecraft:potted_flowering_azalea_bush":2,"gravestone:gravestone":7,"minecraft:granite":50,"minecraft:acacia_log":55,"minecraft:grass_block":1,"minecraft:moss_block":1,"minecraft:sandstone":16,"minecraft:magma_block":1,"minecraft:furnace":7,"minecraft:acacia_trapdoor":3,"minecraft:iron_ore":48,"minecraft:cobbled_deepslate":1,"minecraft:bookshelf":12,"minecraft:flowering_azalea_leaves":1,"minecraft:deepslate_iron_ore":14,"minecraft:oak_stairs":1,"minecraft:blue_orchid":6,"minecraft:stone":173,"minecraft:green_bed":4,"minecraft:acacia_leaves":4,"minecraft:jungle_door":1,"minecraft:blackstone":23,"minecraft:crafting_table":12,"minecraft:torch":2,"minecraft:chest":2,"minecraft:tall_grass":8,"minecraft:cobblestone":16,"minecraft:wall_torch":1,"minecraft:brown_wall_banner":6,"minecraft:grass":25,"minecraft:oak_log":7,"minecraft:coal_ore":23,"minecraft:gravel":31,"minecraft:sand":5,"minecraft:dirt":2,"minecraft:oak_leaves":8,"minecraft:deepslate":168},"minecraft:used":{"minecraft:moss_block":1,"minecraft:flint_and_steel":17,"morebows:diamond_bow":3,"minecraft:chest":3,"minecraft:shield":12,"minecraft:torch":6,"minecraft:dirt":3,"minecraft:granite":50,"minecraft:iron_axe":109,"simplyswords:diamond_greathammer":16,"minecraft:furnace":5,"minecraft:egg":1,"comforts:sleeping_bag_white":5,"minecraft:cooked_beef":29,"minecraft:acacia_planks":31,"minecraft:cobbled_deepslate":29,"minecraft:acacia_boat":3,"minecraft:water_bucket":7,"minecraft:acacia_trapdoor":2,"minecraft:stone_pickaxe":127,"minecraft:blackstone":19,"minecraft:wooden_pickaxe":34,"minecraft:green_bed":3,"minecraft:crafting_table":12,"minecraft:iron_pickaxe":423,"minecraft:stone_axe":85,"minecraft:cobblestone":92,"minecraft:cooked_porkchop":8,"minecraft:jungle_door":1,"minecraft:bucket":8,"minecraft:pumpkin_pie":1}},"DataVersion":3465}